[2026-06-05 00:54:08Z INFO HostContext] No proxy settings were found based on environmental variables (http_proxy/https_proxy/HTTP_PROXY/HTTPS_PROXY)
[2026-06-05 00:54:08Z INFO HostContext] Well known directory 'Bin': 'C:\projetos\pgats-ci\bin'
[2026-06-05 00:54:08Z INFO HostContext] Well known directory 'Root': 'C:\projetos\pgats-ci'
[2026-06-05 00:54:08Z INFO HostContext] Well known config file 'Credentials': 'C:\projetos\pgats-ci\.credentials'
[2026-06-05 00:54:08Z INFO HostContext] Well known directory 'Bin': 'C:\projetos\pgats-ci\bin'
[2026-06-05 00:54:08Z INFO HostContext] Well known directory 'Root': 'C:\projetos\pgats-ci'
[2026-06-05 00:54:08Z INFO HostContext] Well known config file 'Runner': 'C:\projetos\pgats-ci\.runner'
[2026-06-05 00:54:08Z INFO Worker] Version: 2.334.0
[2026-06-05 00:54:08Z INFO Worker] Commit: f1995ede5d885c997d13d8eca5467c4ce97fe69c
[2026-06-05 00:54:08Z INFO Worker] Culture: pt-BR
[2026-06-05 00:54:08Z INFO Worker] UI Culture: pt-BR
[2026-06-05 00:54:08Z INFO Worker] Waiting to receive the job message from the channel.
[2026-06-05 00:54:08Z INFO ProcessChannel] Receiving message of length 19939, with hash '7ea2575b6e08d0526f1185471309e320e8487b23139293c57e3cd140c76e9892'
[2026-06-05 00:54:08Z INFO Worker] Message received.
[2026-06-05 00:54:08Z INFO Worker] Job message:
 {
  "fileTable": [
    ".github/workflows/self-hosted.yaml"
  ],
  "mask": [
    {
      "type": "regex",
      "value": "***"
    },
    {
      "type": "regex",
      "value": "***"
    },
    {
      "type": "regex",
      "value": "***"
    },
    {
      "type": "regex",
      "value": "***"
    },
    {
      "type": "regex",
      "value": "***"
    },
    {
      "type": "regex",
      "value": "***"
    },
    {
      "type": "regex",
      "value": "***"
    },
    {
      "type": "regex",
      "value": "***"
    },
    {
      "type": "regex",
      "value": "***"
    },
    {
      "type": "regex",
      "value": "***"
    },
    {
      "type": "regex",
      "value": "***"
    },
    {
      "type": "regex",
      "value": "***"
    },
    {
      "type": "regex",
      "value": "***"
    },
    {
      "type": "regex",
      "value": "***"
    },
    {
      "type": "regex",
      "value": "***"
    },
    {
      "type": "regex",
      "value": "***"
    },
    {
      "type": "regex",
      "value": "***"
    },
    {
      "type": "regex",
      "value": "***"
    },
    {
      "type": "regex",
      "value": "***"
    },
    {
      "type": "regex",
      "value": "***"
    },
    {
      "type": "regex",
      "value": "***"
    },
    {
      "type": "regex",
      "value": "***"
    },
    {
      "type": "regex",
      "value": "***"
    },
    {
      "type": "regex",
      "value": "***"
    }
  ],
  "steps": [
    {
      "type": "action",
      "reference": {
        "type": "repository",
        "name": "actions/checkout",
        "ref": "v4",
        "repositoryType": "GitHub"
      },
      "contextName": "__actions_checkout",
      "condition": "success()",
      "id": "512413bd-dc6b-477c-9fa3-c2794faea704",
      "name": "__actions_checkout"
    },
    {
      "type": "action",
      "reference": {
        "type": "repository",
        "name": "actions/setup-node",
        "ref": "v4",
        "repositoryType": "GitHub"
      },
      "contextName": "__actions_setup-node",
      "inputs": {
        "type": 2,
        "file": 1,
        "line": 28,
        "col": 15,
        "map": [
          {
            "key": {
              "type": 0,
              "file": 1,
              "line": 28,
              "col": 15,
              "lit": "node-version"
            },
            "value": {
              "type": 0,
              "file": 1,
              "line": 28,
              "col": 29,
              "lit": "24.x"
            }
          }
        ]
      },
      "condition": "success()",
      "id": "7526ca95-099c-4ff1-b641-85f3fb200e57",
      "name": "__actions_setup-node"
    },
    {
      "type": "action",
      "reference": {
        "type": "script"
      },
      "displayNameToken": {
        "type": 0,
        "file": 1,
        "line": 43,
        "col": 19,
        "lit": "execucao dos testes"
      },
      "contextName": "__run",
      "inputs": {
        "type": 2,
        "map": [
          {
            "key": "script",
            "value": {
              "type": 0,
              "file": 1,
              "line": 44,
              "col": 19,
              "lit": "yarn run e2e"
            }
          }
        ]
      },
      "condition": "success()",
      "id": "5f38c228-641f-49f9-9605-fe4099ca6a5c",
      "name": "__run"
    }
  ],
  "variables": {
    "Actions.EnableHttpRedirects": {
      "value": "true"
    },
    "DistributedTask.AddWarningToNode12Action": {
      "value": "true"
    },
    "DistributedTask.AddWarningToNode16Action": {
      "value": "true"
    },
    "DistributedTask.AllowRunnerContainerHooks": {
      "value": "true"
    },
    "DistributedTask.DeprecateStepOutputCommands": {
      "value": "true"
    },
    "DistributedTask.DetailUntarFailure": {
      "value": "true"
    },
    "DistributedTask.EnableCompositeActions": {
      "value": "true"
    },
    "DistributedTask.EnableJobServerQueueTelemetry": {
      "value": "true"
    },
    "DistributedTask.EnhancedAnnotations": {
      "value": "true"
    },
    "DistributedTask.ForceGithubJavascriptActionsToNode16": {
      "value": "true"
    },
    "DistributedTask.ForceGithubJavascriptActionsToNode20": {
      "value": "true"
    },
    "DistributedTask.LogTemplateErrorsAsDebugMessages": {
      "value": "true"
    },
    "DistributedTask.MarkJobAsFailedOnWorkerCrash": {
      "value": "true"
    },
    "DistributedTask.NewActionMetadata": {
      "value": "true"
    },
    "DistributedTask.UploadStepSummary": {
      "value": "true"
    },
    "DistributedTask.UseActionArchiveCache": {
      "value": "true"
    },
    "DistributedTask.UseWhich2": {
      "value": "true"
    },
    "RunService.FixEmbeddedIssues": {
      "value": "true"
    },
    "actions.runner.requirenode24": {
      "value": "false"
    },
    "actions.runner.usenode24bydefault": {
      "value": "false"
    },
    "actions.runner.warnonnode20": {
      "value": "true"
    },
    "actions_add_check_run_id_to_job_context": {
      "value": "true"
    },
    "actions_batch_action_resolution": {
      "value": "false"
    },
    "actions_container_action_runner_temp": {
      "value": "true"
    },
    "actions_display_helpful_actions_download_errors": {
      "value": "true"
    },
    "actions_runner_compare_workflow_parser": {
      "value": "false"
    },
    "actions_runner_deprecate_linux_arm32": {
      "value": "false"
    },
    "actions_runner_emit_composite_markers": {
      "value": "false"
    },
    "actions_runner_kill_linux_arm32": {
      "value": "false"
    },
    "actions_runner_node20_removal_date": {
      "value": ""
    },
    "actions_runner_node24_default_date": {
      "value": "June 16th, 2026"
    },
    "actions_service_container_command": {
      "value": "true"
    },
    "actions_set_orchestration_id_env_for_actions": {
      "value": "true"
    },
    "actions_skip_retry_complete_job_upon_known_errors": {
      "value": "true"
    },
    "actions_snapshot_preflight_hosted_runner_check": {
      "value": "false"
    },
    "actions_snapshot_preflight_image_gen_pool_check": {
      "value": "false"
    },
    "actions_use_bearer_token_for_codeload": {
      "value": "false"
    },
    "actions_uses_cache_service_v2": {
      "value": "true"
    },
    "github_token": {
      "value": "***",
      "isSecret": true
    },
    "system.from_run_service": {
      "value": "true"
    },
    "system.github.job": {
      "value": "e2e-tests"
    },
    "system.github.launch_endpoint": {
      "value": "https://launch.actions.githubusercontent.com"
    },
    "system.github.results_endpoint": {
      "value": "https://results-receiver.actions.githubusercontent.com/"
    },
    "system.github.results_upload_with_sdk": {
      "value": "true"
    },
    "system.github.token": {
      "value": "***",
      "isSecret": true
    },
    "system.github.token.permissions": {
      "value": "{\"Contents\":\"read\",\"Metadata\":\"read\",\"Packages\":\"read\"}"
    },
    "system.orchestrationId": {
      "value": "f711c2df-6b0a-4803-81d7-792070203945.e2e-tests.__default"
    },
    "system.phaseDisplayName": {
      "value": "e2e-tests"
    },
    "system.runner.lowdiskspacethreshold": {
      "value": "100"
    },
    "system.runnerEnvironment": {
      "value": "self-hosted"
    },
    "system.runnerGroupName": {
      "value": "Default"
    }
  },
  "messageType": "RunnerJobRequest",
  "plan": {
    "scopeIdentifier": "00000000-0000-0000-0000-000000000000",
    "planType": "actions",
    "version": 0,
    "planId": "f711c2df-6b0a-4803-81d7-792070203945",
    "planGroup": null,
    "artifactUri": null,
    "artifactLocation": null,
    "definition": null,
    "owner": null
  },
  "timeline": {
    "id": "f711c2df-6b0a-4803-81d7-792070203945",
    "changeId": 0,
    "location": null
  },
  "jobId": "ad1db5a4-fc31-554f-b23e-b0404667caef",
  "jobDisplayName": "e2e-tests",
  "jobName": "__default",
  "requestId": 0,
  "lockedUntil": "0001-01-01T00:00:00",
  "resources": {
    "endpoints": [
      {
        "data": {
          "ServerId": "",
          "ServerName": "",
          "CacheServerUrl": "https://artifactcache.actions.githubusercontent.com/vL6DEwoN4ZjeaCYIWizP9tFtSc3niETSDtTLMmfU6PJGcFOynY/",
          "FeedStreamUrl": "wss://results-receiver.actions.githubusercontent.com/_ws/ingest.sock",
          "ResultsServiceUrl": "https://results-receiver.actions.githubusercontent.com/",
          "PipelinesServiceUrl": "https://pipelinesghubeus25.actions.githubusercontent.com/vL6DEwoN4ZjeaCYIWizP9tFtSc3niETSDtTLMmfU6PJGcFOynY/",
          "GenerateIdTokenUrl": "",
          "ConnectivityChecks": "[\"https://broker.actions.githubusercontent.com/health\",\"https://token.actions.githubusercontent.com/ready\",\"https://run.actions.githubusercontent.com/health\"]"
        },
        "name": "SystemVssConnection",
        "url": "https://run-actions-1-azure-eastus.actions.githubusercontent.com/166/",
        "authorization": {
          "parameters": {
            "AccessToken": "***"
          },
          "scheme": "OAuth"
        },
        "isShared": false,
        "isReady": true
      }
    ]
  },
  "contextData": {
    "github": {
      "t": 2,
      "d": [
        {
          "k": "ref",
          "v": "refs/heads/master"
        },
        {
          "k": "sha",
          "v": "600a8b8bf4bb2c7785059bd54e7716a3fbf513e9"
        },
        {
          "k": "repository",
          "v": "vvareira/pgats-ci"
        },
        {
          "k": "repository_owner",
          "v": "vvareira"
        },
        {
          "k": "repository_owner_id",
          "v": "57268454"
        },
        {
          "k": "repositoryUrl",
          "v": "git://github.com/vvareira/pgats-ci.git"
        },
        {
          "k": "run_id",
          "v": "26988695849"
        },
        {
          "k": "run_number",
          "v": "2"
        },
        {
          "k": "retention_days",
          "v": "90"
        },
        {
          "k": "run_attempt",
          "v": "1"
        },
        {
          "k": "artifact_cache_size_limit",
          "v": "10"
        },
        {
          "k": "repository_visibility",
          "v": "public"
        },
        {
          "k": "actor_id",
          "v": "57268454"
        },
        {
          "k": "actor",
          "v": "vvareira"
        },
        {
          "k": "workflow",
          "v": "Execução Manual com Self-Hosted"
        },
        {
          "k": "head_ref",
          "v": ""
        },
        {
          "k": "base_ref",
          "v": ""
        },
        {
          "k": "event_name",
          "v": "workflow_dispatch"
        },
        {
          "k": "server_url",
          "v": "https://github.com"
        },
        {
          "k": "api_url",
          "v": "https://api.github.com"
        },
        {
          "k": "graphql_url",
          "v": "https://api.github.com/graphql"
        },
        {
          "k": "ref_name",
          "v": "master"
        },
        {
          "k": "ref_protected",
          "v": false
        },
        {
          "k": "ref_type",
          "v": "branch"
        },
        {
          "k": "secret_source",
          "v": "Actions"
        },
        {
          "k": "event",
          "v": {
            "t": 2,
            "d": [
              {
                "k": "ref",
                "v": "refs/heads/master"
              },
              {
                "k": "workflow",
                "v": ".github/workflows/self-hosted.yaml"
              },
              {
                "k": "inputs",
                "v": null
              },
              {
                "k": "repository",
                "v": {
                  "t": 2,
                  "d": [
                    {
                      "k": "id",
                      "v": 1247750481.0
                    },
                    {
                      "k": "node_id",
                      "v": "R_kgDOSl8pUQ"
                    },
                    {
                      "k": "name",
                      "v": "pgats-ci"
                    },
                    {
                      "k": "full_name",
                      "v": "vvareira/pgats-ci"
                    },
                    {
                      "k": "private",
                      "v": false
                    },
                    {
                      "k": "owner",
                      "v": {
                        "t": 2,
                        "d": [
                          {
                            "k": "login",
                            "v": "vvareira"
                          },
                          {
                            "k": "id",
                            "v": 57268454.0
                          },
                          {
                            "k": "node_id",
                            "v": "MDQ6VXNlcjU3MjY4NDU0"
                          },
                          {
                            "k": "avatar_url",
                            "v": "https://avatars.githubusercontent.com/u/57268454?v=4"
                          },
                          {
                            "k": "gravatar_id",
                            "v": ""
                          },
                          {
                            "k": "url",
                            "v": "https://api.github.com/users/vvareira"
                          },
                          {
                            "k": "html_url",
                            "v": "https://github.com/vvareira"
                          },
                          {
                            "k": "followers_url",
                            "v": "https://api.github.com/users/vvareira/followers"
                          },
                          {
                            "k": "following_url",
                            "v": "https://api.github.com/users/vvareira/following{/other_user}"
                          },
                          {
                            "k": "gists_url",
                            "v": "https://api.github.com/users/vvareira/gists{/gist_id}"
                          },
                          {
                            "k": "starred_url",
                            "v": "https://api.github.com/users/vvareira/starred{/owner}{/repo}"
                          },
                          {
                            "k": "subscriptions_url",
                            "v": "https://api.github.com/users/vvareira/subscriptions"
                          },
                          {
                            "k": "organizations_url",
                            "v": "https://api.github.com/users/vvareira/orgs"
                          },
                          {
                            "k": "repos_url",
                            "v": "https://api.github.com/users/vvareira/repos"
                          },
                          {
                            "k": "events_url",
                            "v": "https://api.github.com/users/vvareira/events{/privacy}"
                          },
                          {
                            "k": "received_events_url",
                            "v": "https://api.github.com/users/vvareira/received_events"
                          },
                          {
                            "k": "type",
                            "v": "User"
                          },
                          {
                            "k": "user_view_type",
                            "v": "public"
                          },
                          {
                            "k": "site_admin",
                            "v": false
                          }
                        ]
                      }
                    },
                    {
                      "k": "html_url",
                      "v": "https://github.com/vvareira/pgats-ci"
                    },
                    {
                      "k": "description",
                      "v": null
                    },
                    {
                      "k": "fork",
                      "v": true
                    },
                    {
                      "k": "url",
                      "v": "https://api.github.com/repos/vvareira/pgats-ci"
                    },
                    {
                      "k": "forks_url",
                      "v": "https://api.github.com/repos/vvareira/pgats-ci/forks"
                    },
                    {
                      "k": "keys_url",
                      "v": "https://api.github.com/repos/vvareira/pgats-ci/keys{/key_id}"
                    },
                    {
                      "k": "collaborators_url",
                      "v": "https://api.github.com/repos/vvareira/pgats-ci/collaborators{/collaborator}"
                    },
                    {
                      "k": "teams_url",
                      "v": "https://api.github.com/repos/vvareira/pgats-ci/teams"
                    },
                    {
                      "k": "hooks_url",
                      "v": "https://api.github.com/repos/vvareira/pgats-ci/hooks"
                    },
                    {
                      "k": "issue_events_url",
                      "v": "https://api.github.com/repos/vvareira/pgats-ci/issues/events{/number}"
                    },
                    {
                      "k": "events_url",
                      "v": "https://api.github.com/repos/vvareira/pgats-ci/events"
                    },
                    {
                      "k": "assignees_url",
                      "v": "https://api.github.com/repos/vvareira/pgats-ci/assignees{/user}"
                    },
                    {
                      "k": "branches_url",
                      "v": "https://api.github.com/repos/vvareira/pgats-ci/branches{/branch}"
                    },
                    {
                      "k": "tags_url",
                      "v": "https://api.github.com/repos/vvareira/pgats-ci/tags"
                    },
                    {
                      "k": "blobs_url",
                      "v": "https://api.github.com/repos/vvareira/pgats-ci/git/blobs{/sha}"
                    },
                    {
                      "k": "git_tags_url",
                      "v": "https://api.github.com/repos/vvareira/pgats-ci/git/tags{/sha}"
                    },
                    {
                      "k": "git_refs_url",
                      "v": "https://api.github.com/repos/vvareira/pgats-ci/git/refs{/sha}"
                    },
                    {
                      "k": "trees_url",
                      "v": "https://api.github.com/repos/vvareira/pgats-ci/git/trees{/sha}"
                    },
                    {
                      "k": "statuses_url",
                      "v": "https://api.github.com/repos/vvareira/pgats-ci/statuses/{sha}"
                    },
                    {
                      "k": "languages_url",
                      "v": "https://api.github.com/repos/vvareira/pgats-ci/languages"
                    },
                    {
                      "k": "stargazers_url",
                      "v": "https://api.github.com/repos/vvareira/pgats-ci/stargazers"
                    },
                    {
                      "k": "contributors_url",
                      "v": "https://api.github.com/repos/vvareira/pgats-ci/contributors"
                    },
                    {
                      "k": "subscribers_url",
                      "v": "https://api.github.com/repos/vvareira/pgats-ci/subscribers"
                    },
                    {
                      "k": "subscription_url",
                      "v": "https://api.github.com/repos/vvareira/pgats-ci/subscription"
                    },
                    {
                      "k": "commits_url",
                      "v": "https://api.github.com/repos/vvareira/pgats-ci/commits{/sha}"
                    },
                    {
                      "k": "git_commits_url",
                      "v": "https://api.github.com/repos/vvareira/pgats-ci/git/commits{/sha}"
                    },
                    {
                      "k": "comments_url",
                      "v": "https://api.github.com/repos/vvareira/pgats-ci/comments{/number}"
                    },
                    {
                      "k": "issue_comment_url",
                      "v": "https://api.github.com/repos/vvareira/pgats-ci/issues/comments{/number}"
                    },
                    {
                      "k": "contents_url",
                      "v": "https://api.github.com/repos/vvareira/pgats-ci/contents/{+path}"
                    },
                    {
                      "k": "compare_url",
                      "v": "https://api.github.com/repos/vvareira/pgats-ci/compare/{base}...{head}"
                    },
                    {
                      "k": "merges_url",
                      "v": "https://api.github.com/repos/vvareira/pgats-ci/merges"
                    },
                    {
                      "k": "archive_url",
                      "v": "https://api.github.com/repos/vvareira/pgats-ci/{archive_format}{/ref}"
                    },
                    {
                      "k": "downloads_url",
                      "v": "https://api.github.com/repos/vvareira/pgats-ci/downloads"
                    },
                    {
                      "k": "issues_url",
                      "v": "https://api.github.com/repos/vvareira/pgats-ci/issues{/number}"
                    },
                    {
                      "k": "pulls_url",
                      "v": "https://api.github.com/repos/vvareira/pgats-ci/pulls{/number}"
                    },
                    {
                      "k": "milestones_url",
                      "v": "https://api.github.com/repos/vvareira/pgats-ci/milestones{/number}"
                    },
                    {
                      "k": "notifications_url",
                      "v": "https://api.github.com/repos/vvareira/pgats-ci/notifications{?since,all,participating}"
                    },
                    {
                      "k": "labels_url",
                      "v": "https://api.github.com/repos/vvareira/pgats-ci/labels{/name}"
                    },
                    {
                      "k": "releases_url",
                      "v": "https://api.github.com/repos/vvareira/pgats-ci/releases{/id}"
                    },
                    {
                      "k": "deployments_url",
                      "v": "https://api.github.com/repos/vvareira/pgats-ci/deployments"
                    },
                    {
                      "k": "created_at",
                      "v": "2026-05-23T18:21:03Z"
                    },
                    {
                      "k": "updated_at",
                      "v": "2026-06-05T00:53:12Z"
                    },
                    {
                      "k": "pushed_at",
                      "v": "2026-06-05T00:53:09Z"
                    },
                    {
                      "k": "git_url",
                      "v": "git://github.com/vvareira/pgats-ci.git"
                    },
                    {
                      "k": "ssh_url",
                      "v": "git@github.com:vvareira/pgats-ci.git"
                    },
                    {
                      "k": "clone_url",
                      "v": "https://github.com/vvareira/pgats-ci.git"
                    },
                    {
                      "k": "svn_url",
                      "v": "https://github.com/vvareira/pgats-ci"
                    },
                    {
                      "k": "homepage",
                      "v": null
                    },
                    {
                      "k": "size",
                      "v": 6202.0
                    },
                    {
                      "k": "stargazers_count",
                      "v": 0.0
                    },
                    {
                      "k": "watchers_count",
                      "v": 0.0
                    },
                    {
                      "k": "language",
                      "v": "JavaScript"
                    },
                    {
                      "k": "has_issues",
                      "v": false
                    },
                    {
                      "k": "has_projects",
                      "v": true
                    },
                    {
                      "k": "has_downloads",
                      "v": true
                    },
                    {
                      "k": "has_wiki",
                      "v": true
                    },
                    {
                      "k": "has_pages",
                      "v": false
                    },
                    {
                      "k": "has_discussions",
                      "v": false
                    },
                    {
                      "k": "forks_count",
                      "v": 0.0
                    },
                    {
                      "k": "mirror_url",
                      "v": null
                    },
                    {
                      "k": "archived",
                      "v": false
                    },
                    {
                      "k": "disabled",
                      "v": false
                    },
                    {
                      "k": "open_issues_count",
                      "v": 0.0
                    },
                    {
                      "k": "license",
                      "v": null
                    },
                    {
                      "k": "allow_forking",
                      "v": true
                    },
                    {
                      "k": "is_template",
                      "v": false
                    },
                    {
                      "k": "web_commit_signoff_required",
                      "v": false
                    },
                    {
                      "k": "has_pull_requests",
                      "v": true
                    },
                    {
                      "k": "pull_request_creation_policy",
                      "v": "all"
                    },
                    {
                      "k": "topics",
                      "v": {
                        "t": 1
                      }
                    },
                    {
                      "k": "visibility",
                      "v": "public"
                    },
                    {
                      "k": "forks",
                      "v": 0.0
                    },
                    {
                      "k": "open_issues",
                      "v": 0.0
                    },
                    {
                      "k": "watchers",
                      "v": 0.0
                    },
                    {
                      "k": "default_branch",
                      "v": "master"
                    }
                  ]
                }
              },
              {
                "k": "sender",
                "v": {
                  "t": 2,
                  "d": [
                    {
                      "k": "login",
                      "v": "vvareira"
                    },
                    {
                      "k": "id",
                      "v": 57268454.0
                    },
                    {
                      "k": "node_id",
                      "v": "MDQ6VXNlcjU3MjY4NDU0"
                    },
                    {
                      "k": "avatar_url",
                      "v": "https://avatars.githubusercontent.com/u/57268454?v=4"
                    },
                    {
                      "k": "gravatar_id",
                      "v": ""
                    },
                    {
                      "k": "url",
                      "v": "https://api.github.com/users/vvareira"
                    },
                    {
                      "k": "html_url",
                      "v": "https://github.com/vvareira"
                    },
                    {
                      "k": "followers_url",
                      "v": "https://api.github.com/users/vvareira/followers"
                    },
                    {
                      "k": "following_url",
                      "v": "https://api.github.com/users/vvareira/following{/other_user}"
                    },
                    {
                      "k": "gists_url",
                      "v": "https://api.github.com/users/vvareira/gists{/gist_id}"
                    },
                    {
                      "k": "starred_url",
                      "v": "https://api.github.com/users/vvareira/starred{/owner}{/repo}"
                    },
                    {
                      "k": "subscriptions_url",
                      "v": "https://api.github.com/users/vvareira/subscriptions"
                    },
                    {
                      "k": "organizations_url",
                      "v": "https://api.github.com/users/vvareira/orgs"
                    },
                    {
                      "k": "repos_url",
                      "v": "https://api.github.com/users/vvareira/repos"
                    },
                    {
                      "k": "events_url",
                      "v": "https://api.github.com/users/vvareira/events{/privacy}"
                    },
                    {
                      "k": "received_events_url",
                      "v": "https://api.github.com/users/vvareira/received_events"
                    },
                    {
                      "k": "type",
                      "v": "User"
                    },
                    {
                      "k": "user_view_type",
                      "v": "public"
                    },
                    {
                      "k": "site_admin",
                      "v": false
                    }
                  ]
                }
              }
            ]
          }
        },
        {
          "k": "workflow_ref",
          "v": "vvareira/pgats-ci/.github/workflows/self-hosted.yaml@refs/heads/master"
        },
        {
          "k": "workflow_sha",
          "v": "600a8b8bf4bb2c7785059bd54e7716a3fbf513e9"
        },
        {
          "k": "repository_id",
          "v": "1247750481"
        },
        {
          "k": "triggering_actor",
          "v": "vvareira"
        }
      ]
    },
    "inputs": {
      "t": 2
    },
    "job": {
      "t": 2,
      "d": [
        {
          "k": "check_run_id",
          "v": 79643929135.0
        },
        {
          "k": "workflow_ref",
          "v": "vvareira/pgats-ci/.github/workflows/self-hosted.yaml@refs/heads/master"
        },
        {
          "k": "workflow_sha",
          "v": "600a8b8bf4bb2c7785059bd54e7716a3fbf513e9"
        },
        {
          "k": "workflow_repository",
          "v": "vvareira/pgats-ci"
        },
        {
          "k": "workflow_file_path",
          "v": ".github/workflows/self-hosted.yaml"
        }
      ]
    },
    "matrix": null,
    "needs": {
      "t": 2
    },
    "strategy": {
      "t": 2,
      "d": [
        {
          "k": "fail-fast",
          "v": true
        },
        {
          "k": "job-index",
          "v": 0.0
        },
        {
          "k": "job-total",
          "v": 1.0
        },
        {
          "k": "max-parallel",
          "v": 1.0
        }
      ]
    },
    "vars": {
      "t": 2
    }
  },
  "billingOwnerId": "U_kgDOA2nY5g"
}
[2026-06-05 00:54:08Z INFO JobRunner] Job ID ad1db5a4-fc31-554f-b23e-b0404667caef
[2026-06-05 00:54:08Z INFO ConfigurationStore] currentAssemblyLocation: C:\projetos\pgats-ci\bin\Runner.Worker.dll
[2026-06-05 00:54:08Z INFO HostContext] Well known directory 'Bin': 'C:\projetos\pgats-ci\bin'
[2026-06-05 00:54:08Z INFO ConfigurationStore] binPath: C:\projetos\pgats-ci\bin
[2026-06-05 00:54:08Z INFO HostContext] Well known directory 'Bin': 'C:\projetos\pgats-ci\bin'
[2026-06-05 00:54:08Z INFO HostContext] Well known directory 'Root': 'C:\projetos\pgats-ci'
[2026-06-05 00:54:08Z INFO ConfigurationStore] RootFolder: C:\projetos\pgats-ci
[2026-06-05 00:54:08Z INFO HostContext] Well known directory 'Bin': 'C:\projetos\pgats-ci\bin'
[2026-06-05 00:54:08Z INFO HostContext] Well known directory 'Root': 'C:\projetos\pgats-ci'
[2026-06-05 00:54:08Z INFO HostContext] Well known config file 'Runner': 'C:\projetos\pgats-ci\.runner'
[2026-06-05 00:54:08Z INFO ConfigurationStore] ConfigFilePath: C:\projetos\pgats-ci\.runner
[2026-06-05 00:54:08Z INFO HostContext] Well known directory 'Bin': 'C:\projetos\pgats-ci\bin'
[2026-06-05 00:54:08Z INFO HostContext] Well known directory 'Root': 'C:\projetos\pgats-ci'
[2026-06-05 00:54:08Z INFO HostContext] Well known config file 'MigratedRunner': 'C:\projetos\pgats-ci\.runner_migrated'
[2026-06-05 00:54:08Z INFO ConfigurationStore] MigratedConfigFilePath: C:\projetos\pgats-ci\.runner_migrated
[2026-06-05 00:54:08Z INFO HostContext] Well known directory 'Bin': 'C:\projetos\pgats-ci\bin'
[2026-06-05 00:54:08Z INFO HostContext] Well known directory 'Root': 'C:\projetos\pgats-ci'
[2026-06-05 00:54:08Z INFO HostContext] Well known config file 'Credentials': 'C:\projetos\pgats-ci\.credentials'
[2026-06-05 00:54:08Z INFO ConfigurationStore] CredFilePath: C:\projetos\pgats-ci\.credentials
[2026-06-05 00:54:08Z INFO HostContext] Well known directory 'Bin': 'C:\projetos\pgats-ci\bin'
[2026-06-05 00:54:08Z INFO HostContext] Well known directory 'Root': 'C:\projetos\pgats-ci'
[2026-06-05 00:54:08Z INFO HostContext] Well known config file 'MigratedCredentials': 'C:\projetos\pgats-ci\.credentials_migrated'
[2026-06-05 00:54:08Z INFO ConfigurationStore] MigratedCredFilePath: C:\projetos\pgats-ci\.credentials_migrated
[2026-06-05 00:54:08Z INFO HostContext] Well known directory 'Bin': 'C:\projetos\pgats-ci\bin'
[2026-06-05 00:54:08Z INFO HostContext] Well known directory 'Root': 'C:\projetos\pgats-ci'
[2026-06-05 00:54:08Z INFO HostContext] Well known config file 'Service': 'C:\projetos\pgats-ci\.service'
[2026-06-05 00:54:08Z INFO ConfigurationStore] ServiceConfigFilePath: C:\projetos\pgats-ci\.service
[2026-06-05 00:54:08Z INFO ConfigurationStore] Read setting file: 385 chars
[2026-06-05 00:54:08Z INFO JobRunner] Initializing launch client
[2026-06-05 00:54:08Z INFO JobServerQueue] Initializing results client
[2026-06-05 00:54:08Z INFO ResultServer] Creating websocket client ...wss://results-receiver.actions.githubusercontent.com/_ws/ingest.sock
[2026-06-05 00:54:08Z INFO ResultServer] Attempting to start websocket client with delay 00:00:00.
[2026-06-05 00:54:08Z INFO JobServerQueue] Start process web console line queue.
[2026-06-05 00:54:08Z INFO JobServerQueue] Start process file upload queue.
[2026-06-05 00:54:08Z INFO JobServerQueue] Start results file upload queue.
[2026-06-05 00:54:08Z INFO JobServerQueue] Starting results-based upload queue...
[2026-06-05 00:54:08Z INFO JobServerQueue] Start process timeline update queue.
[2026-06-05 00:54:08Z INFO ExecutionContext] Initializing Job context
[2026-06-05 00:54:08Z INFO ExecutionContext] Initialize GitHub context
[2026-06-05 00:54:08Z INFO ExecutionContext] Initialize Env context
[2026-06-05 00:54:08Z INFO HostContext] Well known directory 'Bin': 'C:\projetos\pgats-ci\bin'
[2026-06-05 00:54:08Z INFO HostContext] Well known directory 'Root': 'C:\projetos\pgats-ci'
[2026-06-05 00:54:08Z INFO HostContext] Well known directory 'Diag': 'C:\projetos\pgats-ci\_diag'
[2026-06-05 00:54:08Z INFO HostContext] Well known directory 'Bin': 'C:\projetos\pgats-ci\bin'
[2026-06-05 00:54:08Z INFO HostContext] Well known directory 'Root': 'C:\projetos\pgats-ci'
[2026-06-05 00:54:08Z INFO HostContext] Well known directory 'Diag': 'C:\projetos\pgats-ci\_diag'
[2026-06-05 00:54:08Z INFO JobRunner] Starting the job execution context.
[2026-06-05 00:54:08Z INFO HostContext] Well known directory 'Bin': 'C:\projetos\pgats-ci\bin'
[2026-06-05 00:54:08Z INFO HostContext] Well known directory 'Root': 'C:\projetos\pgats-ci'
[2026-06-05 00:54:08Z INFO HostContext] Well known directory 'Work': 'C:\projetos\pgats-ci\_work'
[2026-06-05 00:54:08Z INFO JobRunner] Validating directory permissions for: 'C:\projetos\pgats-ci\_work'
[2026-06-05 00:54:08Z INFO HostContext] Well known directory 'Bin': 'C:\projetos\pgats-ci\bin'
[2026-06-05 00:54:08Z INFO HostContext] Well known directory 'Root': 'C:\projetos\pgats-ci'
[2026-06-05 00:54:08Z INFO HostContext] Well known directory 'Work': 'C:\projetos\pgats-ci\_work'
[2026-06-05 00:54:08Z INFO HostContext] Well known directory 'Tools': 'C:\projetos\pgats-ci\_work\_tool'
[2026-06-05 00:54:08Z INFO HostContext] Well known directory 'Bin': 'C:\projetos\pgats-ci\bin'
[2026-06-05 00:54:08Z INFO HostContext] Well known directory 'Root': 'C:\projetos\pgats-ci'
[2026-06-05 00:54:08Z INFO HostContext] Well known directory 'Work': 'C:\projetos\pgats-ci\_work'
[2026-06-05 00:54:08Z INFO HostContext] Well known directory 'Temp': 'C:\projetos\pgats-ci\_work\_temp'
[2026-06-05 00:54:08Z INFO JobRunner] Getting job extension.
[2026-06-05 00:54:08Z INFO JobRunner] Initialize job. Getting all job steps.
[2026-06-05 00:54:08Z INFO HostContext] Well known directory 'Bin': 'C:\projetos\pgats-ci\bin'
[2026-06-05 00:54:08Z INFO HostContext] Well known directory 'Root': 'C:\projetos\pgats-ci'
[2026-06-05 00:54:08Z INFO HostContext] Well known directory 'Diag': 'C:\projetos\pgats-ci\_diag'
[2026-06-05 00:54:08Z INFO HostContext] Well known directory 'Bin': 'C:\projetos\pgats-ci\bin'
[2026-06-05 00:54:08Z INFO HostContext] Well known directory 'Root': 'C:\projetos\pgats-ci'
[2026-06-05 00:54:08Z INFO HostContext] Well known directory 'Diag': 'C:\projetos\pgats-ci\_diag'
[2026-06-05 00:54:08Z INFO HostContext] Well known directory 'Bin': 'C:\projetos\pgats-ci\bin'
[2026-06-05 00:54:08Z INFO HostContext] Well known directory 'Root': 'C:\projetos\pgats-ci'
[2026-06-05 00:54:08Z INFO HostContext] Well known config file 'Credentials': 'C:\projetos\pgats-ci\.credentials'
[2026-06-05 00:54:08Z INFO HostContext] Well known directory 'Bin': 'C:\projetos\pgats-ci\bin'
[2026-06-05 00:54:08Z INFO HostContext] Well known directory 'Root': 'C:\projetos\pgats-ci'
[2026-06-05 00:54:08Z INFO HostContext] Well known config file 'SetupInfo': 'C:\projetos\pgats-ci\.setup_info'
[2026-06-05 00:54:08Z INFO HostContext] Well known directory 'Bin': 'C:\projetos\pgats-ci\bin'
[2026-06-05 00:54:08Z INFO HostContext] Well known directory 'Root': 'C:\projetos\pgats-ci'
[2026-06-05 00:54:08Z INFO HostContext] Well known directory 'Work': 'C:\projetos\pgats-ci\_work'
[2026-06-05 00:54:08Z INFO PipelineDirectoryManager] Loading tracking config if exists: C:\projetos\pgats-ci\_work\_PipelineMapping\vvareira/pgats-ci\PipelineFolder.json
[2026-06-05 00:54:08Z INFO PipelineDirectoryManager] Updating job run properties.
[2026-06-05 00:54:08Z INFO HostContext] Well known directory 'Bin': 'C:\projetos\pgats-ci\bin'
[2026-06-05 00:54:08Z INFO HostContext] Well known directory 'Root': 'C:\projetos\pgats-ci'
[2026-06-05 00:54:08Z INFO HostContext] Well known directory 'Work': 'C:\projetos\pgats-ci\_work'
[2026-06-05 00:54:08Z INFO HostContext] Well known directory 'Bin': 'C:\projetos\pgats-ci\bin'
[2026-06-05 00:54:08Z INFO HostContext] Well known directory 'Root': 'C:\projetos\pgats-ci'
[2026-06-05 00:54:08Z INFO HostContext] Well known directory 'Work': 'C:\projetos\pgats-ci\_work'
[2026-06-05 00:54:08Z INFO HostContext] Well known directory 'Bin': 'C:\projetos\pgats-ci\bin'
[2026-06-05 00:54:08Z INFO HostContext] Well known directory 'Root': 'C:\projetos\pgats-ci'
[2026-06-05 00:54:08Z INFO HostContext] Well known directory 'Work': 'C:\projetos\pgats-ci\_work'
[2026-06-05 00:54:08Z INFO JobExtension] Downloading actions
[2026-06-05 00:54:08Z INFO HostContext] Well known directory 'Bin': 'C:\projetos\pgats-ci\bin'
[2026-06-05 00:54:08Z INFO HostContext] Well known directory 'Root': 'C:\projetos\pgats-ci'
[2026-06-05 00:54:08Z INFO HostContext] Well known directory 'Work': 'C:\projetos\pgats-ci\_work'
[2026-06-05 00:54:08Z INFO HostContext] Well known directory 'Actions': 'C:\projetos\pgats-ci\_work\_actions'
[2026-06-05 00:54:08Z INFO Worker] Listening for cancel message from the channel.
[2026-06-05 00:54:08Z INFO Worker] Waiting for the job to complete or for a cancel message from the channel.
[2026-06-05 00:54:09Z INFO ResultServer] Successfully started websocket client.
[2026-06-05 00:54:09Z INFO JobServerQueue] Try to append 1 batches web console lines for record '24898a7f-ef8a-4c7c-a2d9-9e50eacd71dd', success rate: 1/1.
[2026-06-05 00:54:09Z INFO HostContext] Well known directory 'Bin': 'C:\projetos\pgats-ci\bin'
[2026-06-05 00:54:09Z INFO HostContext] Well known directory 'Root': 'C:\projetos\pgats-ci'
[2026-06-05 00:54:09Z INFO HostContext] Well known directory 'Work': 'C:\projetos\pgats-ci\_work'
[2026-06-05 00:54:09Z INFO HostContext] Well known directory 'Actions': 'C:\projetos\pgats-ci\_work\_actions'
[2026-06-05 00:54:09Z INFO HostContext] Well known directory 'Bin': 'C:\projetos\pgats-ci\bin'
[2026-06-05 00:54:09Z INFO HostContext] Well known directory 'Root': 'C:\projetos\pgats-ci'
[2026-06-05 00:54:09Z INFO HostContext] Well known directory 'Work': 'C:\projetos\pgats-ci\_work'
[2026-06-05 00:54:09Z INFO HostContext] Well known directory 'Actions': 'C:\projetos\pgats-ci\_work\_actions'
[2026-06-05 00:54:09Z INFO ActionManager] Save archive 'https://codeload.github.com/actions/checkout/zip/34e114876b0b11c390a56381ad16ebd13914f8d5' into C:\projetos\pgats-ci\_work\_actions\_temp_f490f0cf-2ba8-4e2d-9803-388df0a2fcb1\e8fe0cec-9b60-47c2-852e-19ce9fa958ba.zip.
[2026-06-05 00:54:09Z INFO ActionManager] Using Basic token for action archive download.
[2026-06-05 00:54:09Z INFO JobServerQueue] Job timeline record has been updated for the first time.
[2026-06-05 00:54:09Z INFO JobServerQueue] Try to append 1 batches web console lines for record '24898a7f-ef8a-4c7c-a2d9-9e50eacd71dd', success rate: 1/1.
[2026-06-05 00:54:10Z INFO ActionManager] Request URL: https://codeload.github.com/actions/checkout/zip/34e114876b0b11c390a56381ad16ebd13914f8d5 X-GitHub-Request-Id: 3120:1F98C1:7EE3:1F025:6A221E31 Http Status: OK
[2026-06-05 00:54:10Z INFO ActionManager] Finished getting action repository.
[2026-06-05 00:54:10Z INFO HostContext] Well known directory 'Bin': 'C:\projetos\pgats-ci\bin'
[2026-06-05 00:54:10Z INFO HostContext] Well known directory 'Root': 'C:\projetos\pgats-ci'
[2026-06-05 00:54:10Z INFO HostContext] Well known directory 'Work': 'C:\projetos\pgats-ci\_work'
[2026-06-05 00:54:10Z INFO HostContext] Well known directory 'Actions': 'C:\projetos\pgats-ci\_work\_actions'
[2026-06-05 00:54:10Z INFO HostContext] Well known directory 'Bin': 'C:\projetos\pgats-ci\bin'
[2026-06-05 00:54:10Z INFO HostContext] Well known directory 'Root': 'C:\projetos\pgats-ci'
[2026-06-05 00:54:10Z INFO HostContext] Well known directory 'Work': 'C:\projetos\pgats-ci\_work'
[2026-06-05 00:54:10Z INFO HostContext] Well known directory 'Actions': 'C:\projetos\pgats-ci\_work\_actions'
[2026-06-05 00:54:10Z INFO ActionManager] Save archive 'https://codeload.github.com/actions/setup-node/zip/49933ea5288caeca8642d1e84afbd3f7d6820020' into C:\projetos\pgats-ci\_work\_actions\_temp_dc5be9bc-650c-4de3-a22e-1d7686f38ad4\76fa8852-7608-4f98-9a77-f523af94aaa2.zip.
[2026-06-05 00:54:10Z INFO ActionManager] Using Basic token for action archive download.
[2026-06-05 00:54:10Z INFO JobServerQueue] Try to append 1 batches web console lines for record '24898a7f-ef8a-4c7c-a2d9-9e50eacd71dd', success rate: 1/1.
[2026-06-05 00:54:11Z INFO ActionManager] Request URL: https://codeload.github.com/actions/setup-node/zip/49933ea5288caeca8642d1e84afbd3f7d6820020 X-GitHub-Request-Id: 3121:12DA0A:7CB0:1EDC4:6A221E32 Http Status: OK
[2026-06-05 00:54:11Z INFO ActionManager] Finished getting action repository.
[2026-06-05 00:54:11Z INFO HostContext] Well known directory 'Bin': 'C:\projetos\pgats-ci\bin'
[2026-06-05 00:54:11Z INFO HostContext] Well known directory 'Root': 'C:\projetos\pgats-ci'
[2026-06-05 00:54:11Z INFO HostContext] Well known directory 'Work': 'C:\projetos\pgats-ci\_work'
[2026-06-05 00:54:11Z INFO HostContext] Well known directory 'Actions': 'C:\projetos\pgats-ci\_work\_actions'
[2026-06-05 00:54:11Z INFO ActionManifestManagerLegacy] Load schema file with definitions: [
  "null",
  "boolean",
  "number",
  "string",
  "sequence",
  "mapping",
  "any",
  "action-root",
  "inputs",
  "input",
  "outputs",
  "output-definition",
  "runs",
  "container-runs",
  "container-runs-args",
  "container-runs-env",
  "node-runs",
  "plugin-runs",
  "composite-runs",
  "composite-steps",
  "composite-step",
  "run-step",
  "uses-step",
  "container-runs-context",
  "output-value",
  "input-default-context",
  "non-empty-string",
  "string-steps-context",
  "boolean-steps-context",
  "step-env",
  "step-if",
  "step-with"
]
[2026-06-05 00:54:11Z INFO ActionManifestManager] Load schema file with definitions: [
  "null",
  "boolean",
  "number",
  "string",
  "sequence",
  "mapping",
  "any",
  "action-root",
  "inputs",
  "input",
  "outputs",
  "output-definition",
  "runs",
  "container-runs",
  "container-runs-args",
  "container-runs-env",
  "node-runs",
  "plugin-runs",
  "composite-runs",
  "composite-steps",
  "composite-step",
  "run-step",
  "uses-step",
  "container-runs-context",
  "output-value",
  "input-default-context",
  "non-empty-string",
  "string-steps-context",
  "boolean-steps-context",
  "step-env",
  "step-if",
  "step-with"
]
[2026-06-05 00:54:11Z INFO HostContext] Well known directory 'Bin': 'C:\projetos\pgats-ci\bin'
[2026-06-05 00:54:11Z INFO HostContext] Well known directory 'Root': 'C:\projetos\pgats-ci'
[2026-06-05 00:54:11Z INFO HostContext] Well known directory 'Work': 'C:\projetos\pgats-ci\_work'
[2026-06-05 00:54:11Z INFO HostContext] Well known directory 'Actions': 'C:\projetos\pgats-ci\_work\_actions'
[2026-06-05 00:54:11Z INFO ActionManifestManagerLegacy] Loaded action.yml file: {
  "name": "Checkout",
  "description": "Checkout a Git repository at a particular version",
  "inputs": {
    "type": 2,
    "map": [
      {
        "key": {
          "type": 0,
          "file": 2,
          "line": 4,
          "col": 3,
          "lit": "repository"
        },
        "value": {
          "type": 3,
          "file": 2,
          "line": 6,
          "col": 14,
          "expr": "github.repository"
        }
      },
      {
        "key": {
          "type": 0,
          "file": 2,
          "line": 7,
          "col": 3,
          "lit": "ref"
        },
        "value": ""
      },
      {
        "key": {
          "type": 0,
          "file": 2,
          "line": 12,
          "col": 3,
          "lit": "token"
        },
        "value": {
          "type": 3,
          "file": 2,
          "line": 24,
          "col": 14,
          "expr": "github.token"
        }
      },
      {
        "key": {
          "type": 0,
          "file": 2,
          "line": 25,
          "col": 3,
          "lit": "ssh-key"
        },
        "value": ""
      },
      {
        "key": {
          "type": 0,
          "file": 2,
          "line": 37,
          "col": 3,
          "lit": "ssh-known-hosts"
        },
        "value": ""
      },
      {
        "key": {
          "type": 0,
          "file": 2,
          "line": 42,
          "col": 3,
          "lit": "ssh-strict"
        },
        "value": {
          "type": 0,
          "file": 2,
          "line": 47,
          "col": 14,
          "lit": "true"
        }
      },
      {
        "key": {
          "type": 0,
          "file": 2,
          "line": 48,
          "col": 3,
          "lit": "ssh-user"
        },
        "value": {
          "type": 0,
          "file": 2,
          "line": 51,
          "col": 14,
          "lit": "git"
        }
      },
      {
        "key": {
          "type": 0,
          "file": 2,
          "line": 52,
          "col": 3,
          "lit": "persist-credentials"
        },
        "value": {
          "type": 0,
          "file": 2,
          "line": 54,
          "col": 14,
          "lit": "true"
        }
      },
      {
        "key": {
          "type": 0,
          "file": 2,
          "line": 55,
          "col": 3,
          "lit": "path"
        },
        "value": ""
      },
      {
        "key": {
          "type": 0,
          "file": 2,
          "line": 57,
          "col": 3,
          "lit": "clean"
        },
        "value": {
          "type": 0,
          "file": 2,
          "line": 59,
          "col": 14,
          "lit": "true"
        }
      },
      {
        "key": {
          "type": 0,
          "file": 2,
          "line": 60,
          "col": 3,
          "lit": "filter"
        },
        "value": {
          "type": 0,
          "file": 2,
          "line": 64,
          "col": 14,
          "lit": ""
        }
      },
      {
        "key": {
          "type": 0,
          "file": 2,
          "line": 65,
          "col": 3,
          "lit": "sparse-checkout"
        },
        "value": {
          "type": 0,
          "file": 2,
          "line": 69,
          "col": 14,
          "lit": ""
        }
      },
      {
        "key": {
          "type": 0,
          "file": 2,
          "line": 70,
          "col": 3,
          "lit": "sparse-checkout-cone-mode"
        },
        "value": {
          "type": 0,
          "file": 2,
          "line": 73,
          "col": 14,
          "lit": "true"
        }
      },
      {
        "key": {
          "type": 0,
          "file": 2,
          "line": 74,
          "col": 3,
          "lit": "fetch-depth"
        },
        "value": {
          "type": 0,
          "file": 2,
          "line": 76,
          "col": 14,
          "lit": "1"
        }
      },
      {
        "key": {
          "type": 0,
          "file": 2,
          "line": 77,
          "col": 3,
          "lit": "fetch-tags"
        },
        "value": {
          "type": 0,
          "file": 2,
          "line": 79,
          "col": 14,
          "lit": "false"
        }
      },
      {
        "key": {
          "type": 0,
          "file": 2,
          "line": 80,
          "col": 3,
          "lit": "show-progress"
        },
        "value": {
          "type": 0,
          "file": 2,
          "line": 82,
          "col": 14,
          "lit": "true"
        }
      },
      {
        "key": {
          "type": 0,
          "file": 2,
          "line": 83,
          "col": 3,
          "lit": "lfs"
        },
        "value": {
          "type": 0,
          "file": 2,
          "line": 85,
          "col": 14,
          "lit": "false"
        }
      },
      {
        "key": {
          "type": 0,
          "file": 2,
          "line": 86,
          "col": 3,
          "lit": "submodules"
        },
        "value": {
          "type": 0,
          "file": 2,
          "line": 94,
          "col": 14,
          "lit": "false"
        }
      },
      {
        "key": {
          "type": 0,
          "file": 2,
          "line": 95,
          "col": 3,
          "lit": "set-safe-directory"
        },
        "value": {
          "type": 0,
          "file": 2,
          "line": 97,
          "col": 14,
          "lit": "true"
        }
      },
      {
        "key": {
          "type": 0,
          "file": 2,
          "line": 98,
          "col": 3,
          "lit": "github-server-url"
        },
        "value": ""
      }
    ]
  },
  "execution": {
    "executionType": "nodeJS",
    "hasPre": false,
    "hasPost": true,
    "script": "dist/index.js",
    "pre": null,
    "post": "dist/index.js",
    "nodeVersion": "node20",
    "cleanupCondition": "always()",
    "initCondition": "always()"
  },
  "deprecated": null
}
[2026-06-05 00:54:11Z INFO ActionManager] Action node.js file: dist/index.js, no more preparation.
[2026-06-05 00:54:11Z INFO HostContext] Well known directory 'Bin': 'C:\projetos\pgats-ci\bin'
[2026-06-05 00:54:11Z INFO HostContext] Well known directory 'Root': 'C:\projetos\pgats-ci'
[2026-06-05 00:54:11Z INFO HostContext] Well known directory 'Work': 'C:\projetos\pgats-ci\_work'
[2026-06-05 00:54:11Z INFO HostContext] Well known directory 'Actions': 'C:\projetos\pgats-ci\_work\_actions'
[2026-06-05 00:54:11Z INFO ActionManager] Load action that reference repository from 'C:\projetos\pgats-ci\_work\_actions\actions\checkout\v4'
[2026-06-05 00:54:11Z INFO HostContext] Well known directory 'Bin': 'C:\projetos\pgats-ci\bin'
[2026-06-05 00:54:11Z INFO HostContext] Well known directory 'Root': 'C:\projetos\pgats-ci'
[2026-06-05 00:54:11Z INFO HostContext] Well known directory 'Work': 'C:\projetos\pgats-ci\_work'
[2026-06-05 00:54:11Z INFO HostContext] Well known directory 'Actions': 'C:\projetos\pgats-ci\_work\_actions'
[2026-06-05 00:54:11Z INFO ActionManifestManagerLegacy] Loaded action.yml file: {
  "name": "Checkout",
  "description": "Checkout a Git repository at a particular version",
  "inputs": {
    "type": 2,
    "map": [
      {
        "key": {
          "type": 0,
          "file": 2,
          "line": 4,
          "col": 3,
          "lit": "repository"
        },
        "value": {
          "type": 3,
          "file": 2,
          "line": 6,
          "col": 14,
          "expr": "github.repository"
        }
      },
      {
        "key": {
          "type": 0,
          "file": 2,
          "line": 7,
          "col": 3,
          "lit": "ref"
        },
        "value": ""
      },
      {
        "key": {
          "type": 0,
          "file": 2,
          "line": 12,
          "col": 3,
          "lit": "token"
        },
        "value": {
          "type": 3,
          "file": 2,
          "line": 24,
          "col": 14,
          "expr": "github.token"
        }
      },
      {
        "key": {
          "type": 0,
          "file": 2,
          "line": 25,
          "col": 3,
          "lit": "ssh-key"
        },
        "value": ""
      },
      {
        "key": {
          "type": 0,
          "file": 2,
          "line": 37,
          "col": 3,
          "lit": "ssh-known-hosts"
        },
        "value": ""
      },
      {
        "key": {
          "type": 0,
          "file": 2,
          "line": 42,
          "col": 3,
          "lit": "ssh-strict"
        },
        "value": {
          "type": 0,
          "file": 2,
          "line": 47,
          "col": 14,
          "lit": "true"
        }
      },
      {
        "key": {
          "type": 0,
          "file": 2,
          "line": 48,
          "col": 3,
          "lit": "ssh-user"
        },
        "value": {
          "type": 0,
          "file": 2,
          "line": 51,
          "col": 14,
          "lit": "git"
        }
      },
      {
        "key": {
          "type": 0,
          "file": 2,
          "line": 52,
          "col": 3,
          "lit": "persist-credentials"
        },
        "value": {
          "type": 0,
          "file": 2,
          "line": 54,
          "col": 14,
          "lit": "true"
        }
      },
      {
        "key": {
          "type": 0,
          "file": 2,
          "line": 55,
          "col": 3,
          "lit": "path"
        },
        "value": ""
      },
      {
        "key": {
          "type": 0,
          "file": 2,
          "line": 57,
          "col": 3,
          "lit": "clean"
        },
        "value": {
          "type": 0,
          "file": 2,
          "line": 59,
          "col": 14,
          "lit": "true"
        }
      },
      {
        "key": {
          "type": 0,
          "file": 2,
          "line": 60,
          "col": 3,
          "lit": "filter"
        },
        "value": {
          "type": 0,
          "file": 2,
          "line": 64,
          "col": 14,
          "lit": ""
        }
      },
      {
        "key": {
          "type": 0,
          "file": 2,
          "line": 65,
          "col": 3,
          "lit": "sparse-checkout"
        },
        "value": {
          "type": 0,
          "file": 2,
          "line": 69,
          "col": 14,
          "lit": ""
        }
      },
      {
        "key": {
          "type": 0,
          "file": 2,
          "line": 70,
          "col": 3,
          "lit": "sparse-checkout-cone-mode"
        },
        "value": {
          "type": 0,
          "file": 2,
          "line": 73,
          "col": 14,
          "lit": "true"
        }
      },
      {
        "key": {
          "type": 0,
          "file": 2,
          "line": 74,
          "col": 3,
          "lit": "fetch-depth"
        },
        "value": {
          "type": 0,
          "file": 2,
          "line": 76,
          "col": 14,
          "lit": "1"
        }
      },
      {
        "key": {
          "type": 0,
          "file": 2,
          "line": 77,
          "col": 3,
          "lit": "fetch-tags"
        },
        "value": {
          "type": 0,
          "file": 2,
          "line": 79,
          "col": 14,
          "lit": "false"
        }
      },
      {
        "key": {
          "type": 0,
          "file": 2,
          "line": 80,
          "col": 3,
          "lit": "show-progress"
        },
        "value": {
          "type": 0,
          "file": 2,
          "line": 82,
          "col": 14,
          "lit": "true"
        }
      },
      {
        "key": {
          "type": 0,
          "file": 2,
          "line": 83,
          "col": 3,
          "lit": "lfs"
        },
        "value": {
          "type": 0,
          "file": 2,
          "line": 85,
          "col": 14,
          "lit": "false"
        }
      },
      {
        "key": {
          "type": 0,
          "file": 2,
          "line": 86,
          "col": 3,
          "lit": "submodules"
        },
        "value": {
          "type": 0,
          "file": 2,
          "line": 94,
          "col": 14,
          "lit": "false"
        }
      },
      {
        "key": {
          "type": 0,
          "file": 2,
          "line": 95,
          "col": 3,
          "lit": "set-safe-directory"
        },
        "value": {
          "type": 0,
          "file": 2,
          "line": 97,
          "col": 14,
          "lit": "true"
        }
      },
      {
        "key": {
          "type": 0,
          "file": 2,
          "line": 98,
          "col": 3,
          "lit": "github-server-url"
        },
        "value": ""
      }
    ]
  },
  "execution": {
    "executionType": "nodeJS",
    "hasPre": false,
    "hasPost": true,
    "script": "dist/index.js",
    "pre": null,
    "post": "dist/index.js",
    "nodeVersion": "node20",
    "cleanupCondition": "always()",
    "initCondition": "always()"
  },
  "deprecated": null
}
[2026-06-05 00:54:11Z INFO ActionManager] Action pre node.js file: N/A.
[2026-06-05 00:54:11Z INFO ActionManager] Action node.js file: dist/index.js.
[2026-06-05 00:54:11Z INFO ActionManager] Action post node.js file: dist/index.js.
[2026-06-05 00:54:11Z INFO HostContext] Well known directory 'Bin': 'C:\projetos\pgats-ci\bin'
[2026-06-05 00:54:11Z INFO HostContext] Well known directory 'Root': 'C:\projetos\pgats-ci'
[2026-06-05 00:54:11Z INFO HostContext] Well known directory 'Work': 'C:\projetos\pgats-ci\_work'
[2026-06-05 00:54:11Z INFO HostContext] Well known directory 'Actions': 'C:\projetos\pgats-ci\_work\_actions'
[2026-06-05 00:54:11Z INFO HostContext] Well known directory 'Bin': 'C:\projetos\pgats-ci\bin'
[2026-06-05 00:54:11Z INFO HostContext] Well known directory 'Root': 'C:\projetos\pgats-ci'
[2026-06-05 00:54:11Z INFO HostContext] Well known directory 'Work': 'C:\projetos\pgats-ci\_work'
[2026-06-05 00:54:11Z INFO HostContext] Well known directory 'Actions': 'C:\projetos\pgats-ci\_work\_actions'
[2026-06-05 00:54:11Z INFO ActionManifestManagerLegacy] Ignore action property author.
[2026-06-05 00:54:11Z INFO ActionManifestManagerLegacy] Loaded action.yml file: {
  "name": "Setup Node.js environment",
  "description": "Setup a Node.js environment by adding problem matchers and optionally downloading and adding it to the PATH.",
  "inputs": {
    "type": 2,
    "map": [
      {
        "key": {
          "type": 0,
          "file": 3,
          "line": 5,
          "col": 3,
          "lit": "always-auth"
        },
        "value": {
          "type": 0,
          "file": 3,
          "line": 7,
          "col": 14,
          "lit": "false"
        }
      },
      {
        "key": {
          "type": 0,
          "file": 3,
          "line": 8,
          "col": 3,
          "lit": "node-version"
        },
        "value": ""
      },
      {
        "key": {
          "type": 0,
          "file": 3,
          "line": 10,
          "col": 3,
          "lit": "node-version-file"
        },
        "value": ""
      },
      {
        "key": {
          "type": 0,
          "file": 3,
          "line": 12,
          "col": 3,
          "lit": "architecture"
        },
        "value": ""
      },
      {
        "key": {
          "type": 0,
          "file": 3,
          "line": 14,
          "col": 3,
          "lit": "check-latest"
        },
        "value": {
          "type": 0,
          "file": 3,
          "line": 16,
          "col": 14,
          "lit": "false"
        }
      },
      {
        "key": {
          "type": 0,
          "file": 3,
          "line": 17,
          "col": 3,
          "lit": "registry-url"
        },
        "value": ""
      },
      {
        "key": {
          "type": 0,
          "file": 3,
          "line": 19,
          "col": 3,
          "lit": "scope"
        },
        "value": ""
      },
      {
        "key": {
          "type": 0,
          "file": 3,
          "line": 21,
          "col": 3,
          "lit": "token"
        },
        "value": {
          "type": 3,
          "file": 3,
          "line": 23,
          "col": 14,
          "expr": "github.server_url == 'https://github.com' && github.token || ''"
        }
      },
      {
        "key": {
          "type": 0,
          "file": 3,
          "line": 24,
          "col": 3,
          "lit": "cache"
        },
        "value": ""
      },
      {
        "key": {
          "type": 0,
          "file": 3,
          "line": 26,
          "col": 3,
          "lit": "cache-dependency-path"
        },
        "value": ""
      },
      {
        "key": {
          "type": 0,
          "file": 3,
          "line": 28,
          "col": 3,
          "lit": "mirror"
        },
        "value": ""
      },
      {
        "key": {
          "type": 0,
          "file": 3,
          "line": 30,
          "col": 3,
          "lit": "mirror-token"
        },
        "value": ""
      }
    ]
  },
  "execution": {
    "executionType": "nodeJS",
    "hasPre": false,
    "hasPost": true,
    "script": "dist/setup/index.js",
    "pre": null,
    "post": "dist/cache-save/index.js",
    "nodeVersion": "node20",
    "cleanupCondition": "success()",
    "initCondition": "always()"
  },
  "deprecated": null
}
[2026-06-05 00:54:11Z INFO ActionManager] Action node.js file: dist/setup/index.js, no more preparation.
[2026-06-05 00:54:11Z INFO HostContext] Well known directory 'Bin': 'C:\projetos\pgats-ci\bin'
[2026-06-05 00:54:11Z INFO HostContext] Well known directory 'Root': 'C:\projetos\pgats-ci'
[2026-06-05 00:54:11Z INFO HostContext] Well known directory 'Work': 'C:\projetos\pgats-ci\_work'
[2026-06-05 00:54:11Z INFO HostContext] Well known directory 'Actions': 'C:\projetos\pgats-ci\_work\_actions'
[2026-06-05 00:54:11Z INFO ActionManager] Load action that reference repository from 'C:\projetos\pgats-ci\_work\_actions\actions\setup-node\v4'
[2026-06-05 00:54:11Z INFO HostContext] Well known directory 'Bin': 'C:\projetos\pgats-ci\bin'
[2026-06-05 00:54:11Z INFO HostContext] Well known directory 'Root': 'C:\projetos\pgats-ci'
[2026-06-05 00:54:11Z INFO HostContext] Well known directory 'Work': 'C:\projetos\pgats-ci\_work'
[2026-06-05 00:54:11Z INFO HostContext] Well known directory 'Actions': 'C:\projetos\pgats-ci\_work\_actions'
[2026-06-05 00:54:12Z INFO ActionManifestManagerLegacy] Ignore action property author.
[2026-06-05 00:54:12Z INFO ActionManifestManagerLegacy] Loaded action.yml file: {
  "name": "Setup Node.js environment",
  "description": "Setup a Node.js environment by adding problem matchers and optionally downloading and adding it to the PATH.",
  "inputs": {
    "type": 2,
    "map": [
      {
        "key": {
          "type": 0,
          "file": 3,
          "line": 5,
          "col": 3,
          "lit": "always-auth"
        },
        "value": {
          "type": 0,
          "file": 3,
          "line": 7,
          "col": 14,
          "lit": "false"
        }
      },
      {
        "key": {
          "type": 0,
          "file": 3,
          "line": 8,
          "col": 3,
          "lit": "node-version"
        },
        "value": ""
      },
      {
        "key": {
          "type": 0,
          "file": 3,
          "line": 10,
          "col": 3,
          "lit": "node-version-file"
        },
        "value": ""
      },
      {
        "key": {
          "type": 0,
          "file": 3,
          "line": 12,
          "col": 3,
          "lit": "architecture"
        },
        "value": ""
      },
      {
        "key": {
          "type": 0,
          "file": 3,
          "line": 14,
          "col": 3,
          "lit": "check-latest"
        },
        "value": {
          "type": 0,
          "file": 3,
          "line": 16,
          "col": 14,
          "lit": "false"
        }
      },
      {
        "key": {
          "type": 0,
          "file": 3,
          "line": 17,
          "col": 3,
          "lit": "registry-url"
        },
        "value": ""
      },
      {
        "key": {
          "type": 0,
          "file": 3,
          "line": 19,
          "col": 3,
          "lit": "scope"
        },
        "value": ""
      },
      {
        "key": {
          "type": 0,
          "file": 3,
          "line": 21,
          "col": 3,
          "lit": "token"
        },
        "value": {
          "type": 3,
          "file": 3,
          "line": 23,
          "col": 14,
          "expr": "github.server_url == 'https://github.com' && github.token || ''"
        }
      },
      {
        "key": {
          "type": 0,
          "file": 3,
          "line": 24,
          "col": 3,
          "lit": "cache"
        },
        "value": ""
      },
      {
        "key": {
          "type": 0,
          "file": 3,
          "line": 26,
          "col": 3,
          "lit": "cache-dependency-path"
        },
        "value": ""
      },
      {
        "key": {
          "type": 0,
          "file": 3,
          "line": 28,
          "col": 3,
          "lit": "mirror"
        },
        "value": ""
      },
      {
        "key": {
          "type": 0,
          "file": 3,
          "line": 30,
          "col": 3,
          "lit": "mirror-token"
        },
        "value": ""
      }
    ]
  },
  "execution": {
    "executionType": "nodeJS",
    "hasPre": false,
    "hasPost": true,
    "script": "dist/setup/index.js",
    "pre": null,
    "post": "dist/cache-save/index.js",
    "nodeVersion": "node20",
    "cleanupCondition": "success()",
    "initCondition": "always()"
  },
  "deprecated": null
}
[2026-06-05 00:54:12Z INFO ActionManager] Action pre node.js file: N/A.
[2026-06-05 00:54:12Z INFO ActionManager] Action node.js file: dist/setup/index.js.
[2026-06-05 00:54:12Z INFO ActionManager] Action post node.js file: dist/cache-save/index.js.
[2026-06-05 00:54:12Z INFO JobExtension] Adding .
[2026-06-05 00:54:12Z INFO JobExtension] Adding .
[2026-06-05 00:54:12Z INFO JobExtension] Adding .
[2026-06-05 00:54:12Z INFO HostContext] Well known directory 'Bin': 'C:\projetos\pgats-ci\bin'
[2026-06-05 00:54:12Z INFO HostContext] Well known directory 'Root': 'C:\projetos\pgats-ci'
[2026-06-05 00:54:12Z INFO HostContext] Well known directory 'Diag': 'C:\projetos\pgats-ci\_diag'
[2026-06-05 00:54:12Z INFO HostContext] Well known directory 'Bin': 'C:\projetos\pgats-ci\bin'
[2026-06-05 00:54:12Z INFO HostContext] Well known directory 'Root': 'C:\projetos\pgats-ci'
[2026-06-05 00:54:12Z INFO HostContext] Well known directory 'Diag': 'C:\projetos\pgats-ci\_diag'
[2026-06-05 00:54:12Z INFO HostContext] Well known directory 'Bin': 'C:\projetos\pgats-ci\bin'
[2026-06-05 00:54:12Z INFO HostContext] Well known directory 'Root': 'C:\projetos\pgats-ci'
[2026-06-05 00:54:12Z INFO HostContext] Well known directory 'Diag': 'C:\projetos\pgats-ci\_diag'
[2026-06-05 00:54:12Z INFO HostContext] Well known directory 'Bin': 'C:\projetos\pgats-ci\bin'
[2026-06-05 00:54:12Z INFO HostContext] Well known directory 'Root': 'C:\projetos\pgats-ci'
[2026-06-05 00:54:12Z INFO HostContext] Well known directory 'Diag': 'C:\projetos\pgats-ci\_diag'
[2026-06-05 00:54:12Z INFO HostContext] Well known directory 'Bin': 'C:\projetos\pgats-ci\bin'
[2026-06-05 00:54:12Z INFO HostContext] Well known directory 'Root': 'C:\projetos\pgats-ci'
[2026-06-05 00:54:12Z INFO HostContext] Well known directory 'Diag': 'C:\projetos\pgats-ci\_diag'
[2026-06-05 00:54:12Z INFO HostContext] Well known directory 'Bin': 'C:\projetos\pgats-ci\bin'
[2026-06-05 00:54:12Z INFO HostContext] Well known directory 'Root': 'C:\projetos\pgats-ci'
[2026-06-05 00:54:12Z INFO HostContext] Well known directory 'Diag': 'C:\projetos\pgats-ci\_diag'
[2026-06-05 00:54:12Z INFO JobExtension] Total accessible running process: 290.
[2026-06-05 00:54:12Z INFO HostContext] Well known directory 'Bin': 'C:\projetos\pgats-ci\bin'
[2026-06-05 00:54:12Z INFO HostContext] Well known directory 'Root': 'C:\projetos\pgats-ci'
[2026-06-05 00:54:12Z INFO HostContext] Well known directory 'Work': 'C:\projetos\pgats-ci\_work'
[2026-06-05 00:54:12Z INFO JobExtension] Start checking server connectivity.
[2026-06-05 00:54:12Z INFO JobExtension] Check server connectivity for https://broker.actions.githubusercontent.com/health.
[2026-06-05 00:54:12Z INFO JobExtension] Check server connectivity for https://token.actions.githubusercontent.com/ready.
[2026-06-05 00:54:12Z INFO JobExtension] Check server connectivity for https://run.actions.githubusercontent.com/health.
[2026-06-05 00:54:12Z INFO JobExtension] Start checking service connectivity in background.
[2026-06-05 00:54:12Z INFO ExecutionContext] Publish step telemetry for current step {
  "action": "setup_job",
  "type": "runner",
  "stage": "Pre",
  "stepId": "24898a7f-ef8a-4c7c-a2d9-9e50eacd71dd",
  "result": "succeeded",
  "errorMessages": [],
  "executionTimeInSeconds": 4,
  "startTime": "2026-06-05T00:54:08.7069449Z",
  "finishTime": "2026-06-05T00:54:12.0537291Z"
}.
[2026-06-05 00:54:12Z INFO JobRunner] Total job steps: 3.
[2026-06-05 00:54:12Z INFO JobRunner] Run all job steps.
[2026-06-05 00:54:12Z INFO DapDebugger] DapDebugger initialized
[2026-06-05 00:54:12Z INFO StepsRunner] Processing step: DisplayName='Run actions/checkout@v4'
[2026-06-05 00:54:12Z INFO StepsRunner] Evaluating: success()
[2026-06-05 00:54:12Z INFO StepsRunner] Result: true
[2026-06-05 00:54:12Z INFO StepsRunner] Starting the step.
[2026-06-05 00:54:12Z INFO HostContext] Well known directory 'Bin': 'C:\projetos\pgats-ci\bin'
[2026-06-05 00:54:12Z INFO HostContext] Well known directory 'Root': 'C:\projetos\pgats-ci'
[2026-06-05 00:54:12Z INFO HostContext] Well known directory 'Work': 'C:\projetos\pgats-ci\_work'
[2026-06-05 00:54:12Z INFO StepsRunner] Which2: 'chcp'
[2026-06-05 00:54:12Z INFO StepsRunner] Location: 'C:\WINDOWS\system32\chcp.COM'
[2026-06-05 00:54:12Z INFO JobServerQueue] Try to append 1 batches web console lines for record '24898a7f-ef8a-4c7c-a2d9-9e50eacd71dd', success rate: 1/1.
[2026-06-05 00:54:12Z INFO ProcessInvokerWrapper] Starting process:
[2026-06-05 00:54:12Z INFO ProcessInvokerWrapper]   File name: 'C:\WINDOWS\system32\chcp.COM'
[2026-06-05 00:54:12Z INFO ProcessInvokerWrapper]   Arguments: '65001'
[2026-06-05 00:54:12Z INFO ProcessInvokerWrapper]   Working directory: 'C:\projetos\pgats-ci\_work'
[2026-06-05 00:54:12Z INFO ProcessInvokerWrapper]   Require exit code zero: 'False'
[2026-06-05 00:54:12Z INFO ProcessInvokerWrapper]   Encoding web name:  ; code page: ''
[2026-06-05 00:54:12Z INFO ProcessInvokerWrapper]   Force kill process on cancellation: 'False'
[2026-06-05 00:54:12Z INFO ProcessInvokerWrapper]   Redirected STDIN: 'False'
[2026-06-05 00:54:12Z INFO ProcessInvokerWrapper]   Persist current code page: 'True'
[2026-06-05 00:54:12Z INFO ProcessInvokerWrapper]   Keep redirected STDIN open: 'False'
[2026-06-05 00:54:12Z INFO ProcessInvokerWrapper]   High priority process: 'False'
[2026-06-05 00:54:12Z INFO ProcessInvokerWrapper] Process started with process id 28372, waiting for process exit.
[2026-06-05 00:54:12Z INFO ProcessInvokerWrapper] STDOUT/STDERR stream read finished.
[2026-06-05 00:54:12Z INFO ProcessInvokerWrapper] STDOUT/STDERR stream read finished.
[2026-06-05 00:54:12Z INFO ProcessInvokerWrapper] Finished process 28372 with exit code 0, and elapsed time 00:00:00.0225505.
[2026-06-05 00:54:12Z INFO StepsRunner] Successfully returned to code page 65001 (UTF8)
[2026-06-05 00:54:12Z INFO HostContext] Well known directory 'Bin': 'C:\projetos\pgats-ci\bin'
[2026-06-05 00:54:12Z INFO HostContext] Well known directory 'Root': 'C:\projetos\pgats-ci'
[2026-06-05 00:54:12Z INFO HostContext] Well known directory 'Work': 'C:\projetos\pgats-ci\_work'
[2026-06-05 00:54:12Z INFO HostContext] Well known directory 'Actions': 'C:\projetos\pgats-ci\_work\_actions'
[2026-06-05 00:54:12Z INFO ActionManager] Load action that reference repository from 'C:\projetos\pgats-ci\_work\_actions\actions\checkout\v4'
[2026-06-05 00:54:12Z INFO HostContext] Well known directory 'Bin': 'C:\projetos\pgats-ci\bin'
[2026-06-05 00:54:12Z INFO HostContext] Well known directory 'Root': 'C:\projetos\pgats-ci'
[2026-06-05 00:54:12Z INFO HostContext] Well known directory 'Work': 'C:\projetos\pgats-ci\_work'
[2026-06-05 00:54:12Z INFO HostContext] Well known directory 'Actions': 'C:\projetos\pgats-ci\_work\_actions'
[2026-06-05 00:54:12Z INFO ActionManifestManagerLegacy] Loaded action.yml file: {
  "name": "Checkout",
  "description": "Checkout a Git repository at a particular version",
  "inputs": {
    "type": 2,
    "map": [
      {
        "key": {
          "type": 0,
          "file": 2,
          "line": 4,
          "col": 3,
          "lit": "repository"
        },
        "value": {
          "type": 3,
          "file": 2,
          "line": 6,
          "col": 14,
          "expr": "github.repository"
        }
      },
      {
        "key": {
          "type": 0,
          "file": 2,
          "line": 7,
          "col": 3,
          "lit": "ref"
        },
        "value": ""
      },
      {
        "key": {
          "type": 0,
          "file": 2,
          "line": 12,
          "col": 3,
          "lit": "token"
        },
        "value": {
          "type": 3,
          "file": 2,
          "line": 24,
          "col": 14,
          "expr": "github.token"
        }
      },
      {
        "key": {
          "type": 0,
          "file": 2,
          "line": 25,
          "col": 3,
          "lit": "ssh-key"
        },
        "value": ""
      },
      {
        "key": {
          "type": 0,
          "file": 2,
          "line": 37,
          "col": 3,
          "lit": "ssh-known-hosts"
        },
        "value": ""
      },
      {
        "key": {
          "type": 0,
          "file": 2,
          "line": 42,
          "col": 3,
          "lit": "ssh-strict"
        },
        "value": {
          "type": 0,
          "file": 2,
          "line": 47,
          "col": 14,
          "lit": "true"
        }
      },
      {
        "key": {
          "type": 0,
          "file": 2,
          "line": 48,
          "col": 3,
          "lit": "ssh-user"
        },
        "value": {
          "type": 0,
          "file": 2,
          "line": 51,
          "col": 14,
          "lit": "git"
        }
      },
      {
        "key": {
          "type": 0,
          "file": 2,
          "line": 52,
          "col": 3,
          "lit": "persist-credentials"
        },
        "value": {
          "type": 0,
          "file": 2,
          "line": 54,
          "col": 14,
          "lit": "true"
        }
      },
      {
        "key": {
          "type": 0,
          "file": 2,
          "line": 55,
          "col": 3,
          "lit": "path"
        },
        "value": ""
      },
      {
        "key": {
          "type": 0,
          "file": 2,
          "line": 57,
          "col": 3,
          "lit": "clean"
        },
        "value": {
          "type": 0,
          "file": 2,
          "line": 59,
          "col": 14,
          "lit": "true"
        }
      },
      {
        "key": {
          "type": 0,
          "file": 2,
          "line": 60,
          "col": 3,
          "lit": "filter"
        },
        "value": {
          "type": 0,
          "file": 2,
          "line": 64,
          "col": 14,
          "lit": ""
        }
      },
      {
        "key": {
          "type": 0,
          "file": 2,
          "line": 65,
          "col": 3,
          "lit": "sparse-checkout"
        },
        "value": {
          "type": 0,
          "file": 2,
          "line": 69,
          "col": 14,
          "lit": ""
        }
      },
      {
        "key": {
          "type": 0,
          "file": 2,
          "line": 70,
          "col": 3,
          "lit": "sparse-checkout-cone-mode"
        },
        "value": {
          "type": 0,
          "file": 2,
          "line": 73,
          "col": 14,
          "lit": "true"
        }
      },
      {
        "key": {
          "type": 0,
          "file": 2,
          "line": 74,
          "col": 3,
          "lit": "fetch-depth"
        },
        "value": {
          "type": 0,
          "file": 2,
          "line": 76,
          "col": 14,
          "lit": "1"
        }
      },
      {
        "key": {
          "type": 0,
          "file": 2,
          "line": 77,
          "col": 3,
          "lit": "fetch-tags"
        },
        "value": {
          "type": 0,
          "file": 2,
          "line": 79,
          "col": 14,
          "lit": "false"
        }
      },
      {
        "key": {
          "type": 0,
          "file": 2,
          "line": 80,
          "col": 3,
          "lit": "show-progress"
        },
        "value": {
          "type": 0,
          "file": 2,
          "line": 82,
          "col": 14,
          "lit": "true"
        }
      },
      {
        "key": {
          "type": 0,
          "file": 2,
          "line": 83,
          "col": 3,
          "lit": "lfs"
        },
        "value": {
          "type": 0,
          "file": 2,
          "line": 85,
          "col": 14,
          "lit": "false"
        }
      },
      {
        "key": {
          "type": 0,
          "file": 2,
          "line": 86,
          "col": 3,
          "lit": "submodules"
        },
        "value": {
          "type": 0,
          "file": 2,
          "line": 94,
          "col": 14,
          "lit": "false"
        }
      },
      {
        "key": {
          "type": 0,
          "file": 2,
          "line": 95,
          "col": 3,
          "lit": "set-safe-directory"
        },
        "value": {
          "type": 0,
          "file": 2,
          "line": 97,
          "col": 14,
          "lit": "true"
        }
      },
      {
        "key": {
          "type": 0,
          "file": 2,
          "line": 98,
          "col": 3,
          "lit": "github-server-url"
        },
        "value": ""
      }
    ]
  },
  "execution": {
    "executionType": "nodeJS",
    "hasPre": false,
    "hasPost": true,
    "script": "dist/index.js",
    "pre": null,
    "post": "dist/index.js",
    "nodeVersion": "node20",
    "cleanupCondition": "always()",
    "initCondition": "always()"
  },
  "deprecated": null
}
[2026-06-05 00:54:12Z INFO ActionManager] Action pre node.js file: N/A.
[2026-06-05 00:54:12Z INFO ActionManager] Action node.js file: dist/index.js.
[2026-06-05 00:54:12Z INFO ActionManager] Action post node.js file: dist/index.js.
[2026-06-05 00:54:12Z INFO ExecutionContext] Reserve record order 5 to 8 for post job actions.
[2026-06-05 00:54:12Z INFO HostContext] Well known directory 'Bin': 'C:\projetos\pgats-ci\bin'
[2026-06-05 00:54:12Z INFO HostContext] Well known directory 'Root': 'C:\projetos\pgats-ci'
[2026-06-05 00:54:12Z INFO HostContext] Well known directory 'Diag': 'C:\projetos\pgats-ci\_diag'
[2026-06-05 00:54:12Z INFO HostContext] Well known directory 'Bin': 'C:\projetos\pgats-ci\bin'
[2026-06-05 00:54:12Z INFO HostContext] Well known directory 'Root': 'C:\projetos\pgats-ci'
[2026-06-05 00:54:12Z INFO HostContext] Well known directory 'Diag': 'C:\projetos\pgats-ci\_diag'
[2026-06-05 00:54:12Z INFO HostContext] Well known directory 'Bin': 'C:\projetos\pgats-ci\bin'
[2026-06-05 00:54:12Z INFO HostContext] Well known directory 'Root': 'C:\projetos\pgats-ci'
[2026-06-05 00:54:12Z INFO HostContext] Well known directory 'Work': 'C:\projetos\pgats-ci\_work'
[2026-06-05 00:54:12Z INFO HostContext] Well known directory 'Temp': 'C:\projetos\pgats-ci\_work\_temp'
[2026-06-05 00:54:12Z INFO ExecutionContext] Write event payload to C:\projetos\pgats-ci\_work\_temp\_github_workflow\event.json
[2026-06-05 00:54:12Z INFO HostContext] Well known directory 'Bin': 'C:\projetos\pgats-ci\bin'
[2026-06-05 00:54:12Z INFO HostContext] Well known directory 'Root': 'C:\projetos\pgats-ci'
[2026-06-05 00:54:12Z INFO HostContext] Well known directory 'Work': 'C:\projetos\pgats-ci\_work'
[2026-06-05 00:54:12Z INFO HostContext] Well known directory 'Temp': 'C:\projetos\pgats-ci\_work\_temp'
[2026-06-05 00:54:12Z INFO ExtensionManager] Getting extensions for interface: 'GitHub.Runner.Worker.IFileCommandExtension'
[2026-06-05 00:54:12Z INFO ExtensionManager] Creating instance: GitHub.Runner.Worker.AddPathFileCommand, Runner.Worker
[2026-06-05 00:54:12Z INFO ExtensionManager] Creating instance: GitHub.Runner.Worker.SetEnvFileCommand, Runner.Worker
[2026-06-05 00:54:12Z INFO ExtensionManager] Creating instance: GitHub.Runner.Worker.CreateStepSummaryCommand, Runner.Worker
[2026-06-05 00:54:12Z INFO ExtensionManager] Creating instance: GitHub.Runner.Worker.SaveStateFileCommand, Runner.Worker
[2026-06-05 00:54:12Z INFO ExtensionManager] Creating instance: GitHub.Runner.Worker.SetOutputFileCommand, Runner.Worker
[2026-06-05 00:54:12Z INFO ActionManifestManagerLegacy] Input 'repository': default value evaluate result: {
  "type": 0,
  "file": 2,
  "line": 6,
  "col": 14,
  "lit": "vvareira/pgats-ci"
}
[2026-06-05 00:54:12Z INFO ActionManifestManagerLegacy] Input 'ref': default value evaluate result: ""
[2026-06-05 00:54:12Z INFO ActionManifestManagerLegacy] Input 'token': default value evaluate result: {
  "type": 0,
  "file": 2,
  "line": 24,
  "col": 14,
  "lit": "***"
}
[2026-06-05 00:54:12Z INFO ActionManifestManagerLegacy] Input 'ssh-key': default value evaluate result: ""
[2026-06-05 00:54:12Z INFO ActionManifestManagerLegacy] Input 'ssh-known-hosts': default value evaluate result: ""
[2026-06-05 00:54:12Z INFO ActionManifestManagerLegacy] Input 'ssh-strict': default value evaluate result: {
  "type": 0,
  "file": 2,
  "line": 47,
  "col": 14,
  "lit": "true"
}
[2026-06-05 00:54:12Z INFO ActionManifestManagerLegacy] Input 'ssh-user': default value evaluate result: {
  "type": 0,
  "file": 2,
  "line": 51,
  "col": 14,
  "lit": "git"
}
[2026-06-05 00:54:12Z INFO ActionManifestManagerLegacy] Input 'persist-credentials': default value evaluate result: {
  "type": 0,
  "file": 2,
  "line": 54,
  "col": 14,
  "lit": "true"
}
[2026-06-05 00:54:12Z INFO ActionManifestManagerLegacy] Input 'path': default value evaluate result: ""
[2026-06-05 00:54:12Z INFO ActionManifestManagerLegacy] Input 'clean': default value evaluate result: {
  "type": 0,
  "file": 2,
  "line": 59,
  "col": 14,
  "lit": "true"
}
[2026-06-05 00:54:12Z INFO ActionManifestManagerLegacy] Input 'filter': default value evaluate result: {
  "type": 0,
  "file": 2,
  "line": 64,
  "col": 14,
  "lit": ""
}
[2026-06-05 00:54:12Z INFO ActionManifestManagerLegacy] Input 'sparse-checkout': default value evaluate result: {
  "type": 0,
  "file": 2,
  "line": 69,
  "col": 14,
  "lit": ""
}
[2026-06-05 00:54:12Z INFO ActionManifestManagerLegacy] Input 'sparse-checkout-cone-mode': default value evaluate result: {
  "type": 0,
  "file": 2,
  "line": 73,
  "col": 14,
  "lit": "true"
}
[2026-06-05 00:54:12Z INFO ActionManifestManagerLegacy] Input 'fetch-depth': default value evaluate result: {
  "type": 0,
  "file": 2,
  "line": 76,
  "col": 14,
  "lit": "1"
}
[2026-06-05 00:54:12Z INFO ActionManifestManagerLegacy] Input 'fetch-tags': default value evaluate result: {
  "type": 0,
  "file": 2,
  "line": 79,
  "col": 14,
  "lit": "false"
}
[2026-06-05 00:54:12Z INFO ActionManifestManagerLegacy] Input 'show-progress': default value evaluate result: {
  "type": 0,
  "file": 2,
  "line": 82,
  "col": 14,
  "lit": "true"
}
[2026-06-05 00:54:12Z INFO ActionManifestManagerLegacy] Input 'lfs': default value evaluate result: {
  "type": 0,
  "file": 2,
  "line": 85,
  "col": 14,
  "lit": "false"
}
[2026-06-05 00:54:12Z INFO ActionManifestManagerLegacy] Input 'submodules': default value evaluate result: {
  "type": 0,
  "file": 2,
  "line": 94,
  "col": 14,
  "lit": "false"
}
[2026-06-05 00:54:12Z INFO ActionManifestManagerLegacy] Input 'set-safe-directory': default value evaluate result: {
  "type": 0,
  "file": 2,
  "line": 97,
  "col": 14,
  "lit": "true"
}
[2026-06-05 00:54:12Z INFO ActionManifestManagerLegacy] Input 'github-server-url': default value evaluate result: ""
[2026-06-05 00:54:12Z INFO ExtensionManager] Getting extensions for interface: 'GitHub.Runner.Worker.IActionCommandExtension'
[2026-06-05 00:54:12Z INFO ExtensionManager] Creating instance: GitHub.Runner.Worker.InternalPluginSetRepoPathCommandExtension, Runner.Worker
[2026-06-05 00:54:12Z INFO ExtensionManager] Creating instance: GitHub.Runner.Worker.SetEnvCommandExtension, Runner.Worker
[2026-06-05 00:54:12Z INFO ExtensionManager] Creating instance: GitHub.Runner.Worker.SetOutputCommandExtension, Runner.Worker
[2026-06-05 00:54:12Z INFO ExtensionManager] Creating instance: GitHub.Runner.Worker.SaveStateCommandExtension, Runner.Worker
[2026-06-05 00:54:12Z INFO ExtensionManager] Creating instance: GitHub.Runner.Worker.AddPathCommandExtension, Runner.Worker
[2026-06-05 00:54:12Z INFO ExtensionManager] Creating instance: GitHub.Runner.Worker.AddMaskCommandExtension, Runner.Worker
[2026-06-05 00:54:12Z INFO ExtensionManager] Creating instance: GitHub.Runner.Worker.AddMatcherCommandExtension, Runner.Worker
[2026-06-05 00:54:12Z INFO ExtensionManager] Creating instance: GitHub.Runner.Worker.RemoveMatcherCommandExtension, Runner.Worker
[2026-06-05 00:54:12Z INFO ExtensionManager] Creating instance: GitHub.Runner.Worker.WarningCommandExtension, Runner.Worker
[2026-06-05 00:54:12Z INFO ExtensionManager] Creating instance: GitHub.Runner.Worker.ErrorCommandExtension, Runner.Worker
[2026-06-05 00:54:12Z INFO ExtensionManager] Creating instance: GitHub.Runner.Worker.NoticeCommandExtension, Runner.Worker
[2026-06-05 00:54:12Z INFO ExtensionManager] Creating instance: GitHub.Runner.Worker.DebugCommandExtension, Runner.Worker
[2026-06-05 00:54:12Z INFO ExtensionManager] Creating instance: GitHub.Runner.Worker.GroupCommandExtension, Runner.Worker
[2026-06-05 00:54:12Z INFO ExtensionManager] Creating instance: GitHub.Runner.Worker.EndGroupCommandExtension, Runner.Worker
[2026-06-05 00:54:12Z INFO ExtensionManager] Creating instance: GitHub.Runner.Worker.EchoCommandExtension, Runner.Worker
[2026-06-05 00:54:12Z INFO ActionCommandManager] Register action command extension for command internal-set-repo-path
[2026-06-05 00:54:12Z INFO ActionCommandManager] Register action command extension for command set-env
[2026-06-05 00:54:12Z INFO ActionCommandManager] Register action command extension for command set-output
[2026-06-05 00:54:12Z INFO ActionCommandManager] Register action command extension for command save-state
[2026-06-05 00:54:12Z INFO ActionCommandManager] Register action command extension for command add-path
[2026-06-05 00:54:12Z INFO ActionCommandManager] Register action command extension for command add-mask
[2026-06-05 00:54:12Z INFO ActionCommandManager] Register action command extension for command add-matcher
[2026-06-05 00:54:12Z INFO ActionCommandManager] Register action command extension for command remove-matcher
[2026-06-05 00:54:12Z INFO ActionCommandManager] Register action command extension for command warning
[2026-06-05 00:54:12Z INFO ActionCommandManager] Register action command extension for command error
[2026-06-05 00:54:12Z INFO ActionCommandManager] Register action command extension for command notice
[2026-06-05 00:54:12Z INFO ActionCommandManager] Register action command extension for command debug
[2026-06-05 00:54:12Z INFO ActionCommandManager] Register action command extension for command group
[2026-06-05 00:54:12Z INFO ActionCommandManager] Register action command extension for command endgroup
[2026-06-05 00:54:12Z INFO ActionCommandManager] Register action command extension for command echo
[2026-06-05 00:54:12Z INFO HostContext] Well known directory 'Bin': 'C:\projetos\pgats-ci\bin'
[2026-06-05 00:54:12Z INFO HostContext] Well known directory 'Root': 'C:\projetos\pgats-ci'
[2026-06-05 00:54:12Z INFO HostContext] Well known directory 'Externals': 'C:\projetos\pgats-ci\externals'
[2026-06-05 00:54:12Z INFO ProcessInvokerWrapper] Starting process:
[2026-06-05 00:54:12Z INFO ProcessInvokerWrapper]   File name: 'C:\projetos\pgats-ci\externals\node20\bin\node.exe'
[2026-06-05 00:54:12Z INFO ProcessInvokerWrapper]   Arguments: '"C:\projetos\pgats-ci\_work\_actions\actions\checkout\v4\dist/index.js"'
[2026-06-05 00:54:12Z INFO ProcessInvokerWrapper]   Working directory: 'C:\projetos\pgats-ci\_work\pgats-ci\pgats-ci'
[2026-06-05 00:54:12Z INFO ProcessInvokerWrapper]   Require exit code zero: 'False'
[2026-06-05 00:54:12Z INFO ProcessInvokerWrapper]   Encoding web name: utf-8 ; code page: '65001'
[2026-06-05 00:54:12Z INFO ProcessInvokerWrapper]   Force kill process on cancellation: 'False'
[2026-06-05 00:54:12Z INFO ProcessInvokerWrapper]   Redirected STDIN: 'False'
[2026-06-05 00:54:12Z INFO ProcessInvokerWrapper]   Persist current code page: 'True'
[2026-06-05 00:54:12Z INFO ProcessInvokerWrapper]   Keep redirected STDIN open: 'False'
[2026-06-05 00:54:12Z INFO ProcessInvokerWrapper]   High priority process: 'False'
[2026-06-05 00:54:12Z INFO ProcessInvokerWrapper] Process started with process id 18064, waiting for process exit.
[2026-06-05 00:54:12Z INFO JobServerQueue] Try to append 1 batches web console lines for record '512413bd-dc6b-477c-9fa3-c2794faea704', success rate: 1/1.
[2026-06-05 00:54:12Z INFO JobServerQueue] Got a step log file to send to results service.
[2026-06-05 00:54:12Z INFO JobServerQueue] Starting upload of step log file to results service ResultsLog, C:\projetos\pgats-ci\_diag\blocks\f711c2df-6b0a-4803-81d7-792070203945_24898a7f-ef8a-4c7c-a2d9-9e50eacd71dd.1
[2026-06-05 00:54:12Z INFO JobServerQueue] Try to upload 1 log files or attachments, success rate: 1/1.
[2026-06-05 00:54:12Z INFO AddMaskCommandExtension] Add new secret mask with length of 588
[2026-06-05 00:54:12Z INFO JobServerQueue] Try to append 1 batches web console lines for record '512413bd-dc6b-477c-9fa3-c2794faea704', success rate: 1/1.
[2026-06-05 00:54:13Z INFO JobServerQueue] Try to append 1 batches web console lines for record '512413bd-dc6b-477c-9fa3-c2794faea704', success rate: 1/1.
[2026-06-05 00:54:14Z INFO JobServerQueue] Tried to upload 1 file(s) to results, success rate: 1/1.
[2026-06-05 00:54:17Z INFO JobServerQueue] Try to append 1 batches web console lines for record '512413bd-dc6b-477c-9fa3-c2794faea704', success rate: 1/1.
[2026-06-05 00:54:18Z INFO JobServerQueue] Try to append 1 batches web console lines for record '512413bd-dc6b-477c-9fa3-c2794faea704', success rate: 1/1.
[2026-06-05 00:54:21Z INFO JobServerQueue] Try to append 1 batches web console lines for record '512413bd-dc6b-477c-9fa3-c2794faea704', success rate: 1/1.
[2026-06-05 00:54:21Z INFO JobServerQueue] Try to append 1 batches web console lines for record '512413bd-dc6b-477c-9fa3-c2794faea704', success rate: 1/1.
[2026-06-05 00:54:21Z INFO JobServerQueue] Try to append 1 batches web console lines for record '512413bd-dc6b-477c-9fa3-c2794faea704', success rate: 1/1.
[2026-06-05 00:54:22Z INFO HostContext] Well known directory 'Bin': 'C:\projetos\pgats-ci\bin'
[2026-06-05 00:54:22Z INFO HostContext] Well known directory 'Root': 'C:\projetos\pgats-ci'
[2026-06-05 00:54:22Z INFO HostContext] Well known directory 'Work': 'C:\projetos\pgats-ci\_work'
[2026-06-05 00:54:23Z INFO JobServerQueue] Try to append 1 batches web console lines for record '512413bd-dc6b-477c-9fa3-c2794faea704', success rate: 1/1.
[2026-06-05 00:54:23Z INFO JobServerQueue] Try to append 1 batches web console lines for record '512413bd-dc6b-477c-9fa3-c2794faea704', success rate: 1/1.
[2026-06-05 00:54:24Z INFO JobServerQueue] Try to append 1 batches web console lines for record '512413bd-dc6b-477c-9fa3-c2794faea704', success rate: 1/1.
[2026-06-05 00:54:24Z INFO JobServerQueue] Try to append 1 batches web console lines for record '512413bd-dc6b-477c-9fa3-c2794faea704', success rate: 1/1.
[2026-06-05 00:54:25Z INFO JobServerQueue] Try to append 1 batches web console lines for record '512413bd-dc6b-477c-9fa3-c2794faea704', success rate: 1/1.
[2026-06-05 00:54:26Z INFO JobServerQueue] Try to append 1 batches web console lines for record '512413bd-dc6b-477c-9fa3-c2794faea704', success rate: 1/1.
[2026-06-05 00:54:27Z INFO JobServerQueue] Try to append 1 batches web console lines for record '512413bd-dc6b-477c-9fa3-c2794faea704', success rate: 1/1.
[2026-06-05 00:54:27Z INFO JobServerQueue] Try to append 1 batches web console lines for record '512413bd-dc6b-477c-9fa3-c2794faea704', success rate: 1/1.
[2026-06-05 00:54:28Z INFO ProcessInvokerWrapper] STDOUT/STDERR stream read finished.
[2026-06-05 00:54:28Z INFO ProcessInvokerWrapper] STDOUT/STDERR stream read finished.
[2026-06-05 00:54:28Z INFO ProcessInvokerWrapper] Finished process 18064 with exit code 0, and elapsed time 00:00:16.0569744.
[2026-06-05 00:54:28Z INFO CreateStepSummaryCommand] Step Summary file (C:\projetos\pgats-ci\_work\_temp\_runner_file_commands\step_summary_2236647c-ec5d-4c5a-8532-804e1c5da806) is empty; skipping attachment upload
[2026-06-05 00:54:28Z INFO StepsRunner] Step result: 
[2026-06-05 00:54:28Z INFO ExecutionContext] Publish step telemetry for current step {
  "action": "actions/checkout",
  "ref": "v4",
  "type": "node20",
  "stage": "Main",
  "stepId": "512413bd-dc6b-477c-9fa3-c2794faea704",
  "stepContextName": "__actions_checkout",
  "hasPreStep": false,
  "hasPostStep": true,
  "result": "succeeded",
  "errorMessages": [],
  "executionTimeInSeconds": 17,
  "startTime": "2026-06-05T00:54:12.0736459Z",
  "finishTime": "2026-06-05T00:54:28.3088603Z"
}.
[2026-06-05 00:54:28Z INFO StepsRunner] No need for updating job result with current step result 'Succeeded'.
[2026-06-05 00:54:28Z INFO StepsRunner] Current state: job state = ''
[2026-06-05 00:54:28Z INFO StepsRunner] Processing step: DisplayName='Run actions/setup-node@v4'
[2026-06-05 00:54:28Z INFO StepsRunner] Evaluating: success()
[2026-06-05 00:54:28Z INFO StepsRunner] Result: true
[2026-06-05 00:54:28Z INFO StepsRunner] Starting the step.
[2026-06-05 00:54:28Z INFO HostContext] Well known directory 'Bin': 'C:\projetos\pgats-ci\bin'
[2026-06-05 00:54:28Z INFO HostContext] Well known directory 'Root': 'C:\projetos\pgats-ci'
[2026-06-05 00:54:28Z INFO HostContext] Well known directory 'Work': 'C:\projetos\pgats-ci\_work'
[2026-06-05 00:54:28Z INFO StepsRunner] Which2: 'chcp'
[2026-06-05 00:54:28Z INFO StepsRunner] Location: 'C:\WINDOWS\system32\chcp.COM'
[2026-06-05 00:54:28Z INFO ProcessInvokerWrapper] Starting process:
[2026-06-05 00:54:28Z INFO ProcessInvokerWrapper]   File name: 'C:\WINDOWS\system32\chcp.COM'
[2026-06-05 00:54:28Z INFO ProcessInvokerWrapper]   Arguments: '65001'
[2026-06-05 00:54:28Z INFO ProcessInvokerWrapper]   Working directory: 'C:\projetos\pgats-ci\_work'
[2026-06-05 00:54:28Z INFO ProcessInvokerWrapper]   Require exit code zero: 'False'
[2026-06-05 00:54:28Z INFO ProcessInvokerWrapper]   Encoding web name:  ; code page: ''
[2026-06-05 00:54:28Z INFO ProcessInvokerWrapper]   Force kill process on cancellation: 'False'
[2026-06-05 00:54:28Z INFO ProcessInvokerWrapper]   Redirected STDIN: 'False'
[2026-06-05 00:54:28Z INFO ProcessInvokerWrapper]   Persist current code page: 'True'
[2026-06-05 00:54:28Z INFO ProcessInvokerWrapper]   Keep redirected STDIN open: 'False'
[2026-06-05 00:54:28Z INFO ProcessInvokerWrapper]   High priority process: 'False'
[2026-06-05 00:54:28Z INFO ProcessInvokerWrapper] Process started with process id 10268, waiting for process exit.
[2026-06-05 00:54:28Z INFO ProcessInvokerWrapper] STDOUT/STDERR stream read finished.
[2026-06-05 00:54:28Z INFO ProcessInvokerWrapper] STDOUT/STDERR stream read finished.
[2026-06-05 00:54:28Z INFO ProcessInvokerWrapper] Finished process 10268 with exit code 0, and elapsed time 00:00:00.0105535.
[2026-06-05 00:54:28Z INFO StepsRunner] Successfully returned to code page 65001 (UTF8)
[2026-06-05 00:54:28Z INFO HostContext] Well known directory 'Bin': 'C:\projetos\pgats-ci\bin'
[2026-06-05 00:54:28Z INFO HostContext] Well known directory 'Root': 'C:\projetos\pgats-ci'
[2026-06-05 00:54:28Z INFO HostContext] Well known directory 'Work': 'C:\projetos\pgats-ci\_work'
[2026-06-05 00:54:28Z INFO HostContext] Well known directory 'Actions': 'C:\projetos\pgats-ci\_work\_actions'
[2026-06-05 00:54:28Z INFO ActionManager] Load action that reference repository from 'C:\projetos\pgats-ci\_work\_actions\actions\setup-node\v4'
[2026-06-05 00:54:28Z INFO HostContext] Well known directory 'Bin': 'C:\projetos\pgats-ci\bin'
[2026-06-05 00:54:28Z INFO HostContext] Well known directory 'Root': 'C:\projetos\pgats-ci'
[2026-06-05 00:54:28Z INFO HostContext] Well known directory 'Work': 'C:\projetos\pgats-ci\_work'
[2026-06-05 00:54:28Z INFO HostContext] Well known directory 'Actions': 'C:\projetos\pgats-ci\_work\_actions'
[2026-06-05 00:54:28Z INFO ActionManifestManagerLegacy] Ignore action property author.
[2026-06-05 00:54:28Z INFO ActionManifestManagerLegacy] Loaded action.yml file: {
  "name": "Setup Node.js environment",
  "description": "Setup a Node.js environment by adding problem matchers and optionally downloading and adding it to the PATH.",
  "inputs": {
    "type": 2,
    "map": [
      {
        "key": {
          "type": 0,
          "file": 3,
          "line": 5,
          "col": 3,
          "lit": "always-auth"
        },
        "value": {
          "type": 0,
          "file": 3,
          "line": 7,
          "col": 14,
          "lit": "false"
        }
      },
      {
        "key": {
          "type": 0,
          "file": 3,
          "line": 8,
          "col": 3,
          "lit": "node-version"
        },
        "value": ""
      },
      {
        "key": {
          "type": 0,
          "file": 3,
          "line": 10,
          "col": 3,
          "lit": "node-version-file"
        },
        "value": ""
      },
      {
        "key": {
          "type": 0,
          "file": 3,
          "line": 12,
          "col": 3,
          "lit": "architecture"
        },
        "value": ""
      },
      {
        "key": {
          "type": 0,
          "file": 3,
          "line": 14,
          "col": 3,
          "lit": "check-latest"
        },
        "value": {
          "type": 0,
          "file": 3,
          "line": 16,
          "col": 14,
          "lit": "false"
        }
      },
      {
        "key": {
          "type": 0,
          "file": 3,
          "line": 17,
          "col": 3,
          "lit": "registry-url"
        },
        "value": ""
      },
      {
        "key": {
          "type": 0,
          "file": 3,
          "line": 19,
          "col": 3,
          "lit": "scope"
        },
        "value": ""
      },
      {
        "key": {
          "type": 0,
          "file": 3,
          "line": 21,
          "col": 3,
          "lit": "token"
        },
        "value": {
          "type": 3,
          "file": 3,
          "line": 23,
          "col": 14,
          "expr": "github.server_url == 'https://github.com' && github.token || ''"
        }
      },
      {
        "key": {
          "type": 0,
          "file": 3,
          "line": 24,
          "col": 3,
          "lit": "cache"
        },
        "value": ""
      },
      {
        "key": {
          "type": 0,
          "file": 3,
          "line": 26,
          "col": 3,
          "lit": "cache-dependency-path"
        },
        "value": ""
      },
      {
        "key": {
          "type": 0,
          "file": 3,
          "line": 28,
          "col": 3,
          "lit": "mirror"
        },
        "value": ""
      },
      {
        "key": {
          "type": 0,
          "file": 3,
          "line": 30,
          "col": 3,
          "lit": "mirror-token"
        },
        "value": ""
      }
    ]
  },
  "execution": {
    "executionType": "nodeJS",
    "hasPre": false,
    "hasPost": true,
    "script": "dist/setup/index.js",
    "pre": null,
    "post": "dist/cache-save/index.js",
    "nodeVersion": "node20",
    "cleanupCondition": "success()",
    "initCondition": "always()"
  },
  "deprecated": null
}
[2026-06-05 00:54:28Z INFO ActionManager] Action pre node.js file: N/A.
[2026-06-05 00:54:28Z INFO ActionManager] Action node.js file: dist/setup/index.js.
[2026-06-05 00:54:28Z INFO ActionManager] Action post node.js file: dist/cache-save/index.js.
[2026-06-05 00:54:28Z INFO HostContext] Well known directory 'Bin': 'C:\projetos\pgats-ci\bin'
[2026-06-05 00:54:28Z INFO HostContext] Well known directory 'Root': 'C:\projetos\pgats-ci'
[2026-06-05 00:54:28Z INFO HostContext] Well known directory 'Diag': 'C:\projetos\pgats-ci\_diag'
[2026-06-05 00:54:28Z INFO HostContext] Well known directory 'Bin': 'C:\projetos\pgats-ci\bin'
[2026-06-05 00:54:28Z INFO HostContext] Well known directory 'Root': 'C:\projetos\pgats-ci'
[2026-06-05 00:54:28Z INFO HostContext] Well known directory 'Diag': 'C:\projetos\pgats-ci\_diag'
[2026-06-05 00:54:28Z INFO HostContext] Well known directory 'Bin': 'C:\projetos\pgats-ci\bin'
[2026-06-05 00:54:28Z INFO HostContext] Well known directory 'Root': 'C:\projetos\pgats-ci'
[2026-06-05 00:54:28Z INFO HostContext] Well known directory 'Work': 'C:\projetos\pgats-ci\_work'
[2026-06-05 00:54:28Z INFO HostContext] Well known directory 'Temp': 'C:\projetos\pgats-ci\_work\_temp'
[2026-06-05 00:54:28Z INFO ExecutionContext] Write event payload to C:\projetos\pgats-ci\_work\_temp\_github_workflow\event.json
[2026-06-05 00:54:28Z INFO HostContext] Well known directory 'Bin': 'C:\projetos\pgats-ci\bin'
[2026-06-05 00:54:28Z INFO HostContext] Well known directory 'Root': 'C:\projetos\pgats-ci'
[2026-06-05 00:54:28Z INFO HostContext] Well known directory 'Work': 'C:\projetos\pgats-ci\_work'
[2026-06-05 00:54:28Z INFO HostContext] Well known directory 'Temp': 'C:\projetos\pgats-ci\_work\_temp'
[2026-06-05 00:54:28Z INFO ExtensionManager] Getting extensions for interface: 'GitHub.Runner.Worker.IFileCommandExtension'
[2026-06-05 00:54:28Z INFO ActionManifestManagerLegacy] Input 'always-auth': default value evaluate result: {
  "type": 0,
  "file": 3,
  "line": 7,
  "col": 14,
  "lit": "false"
}
[2026-06-05 00:54:28Z INFO ActionManifestManagerLegacy] Input 'node-version-file': default value evaluate result: ""
[2026-06-05 00:54:28Z INFO ActionManifestManagerLegacy] Input 'architecture': default value evaluate result: ""
[2026-06-05 00:54:28Z INFO ActionManifestManagerLegacy] Input 'check-latest': default value evaluate result: {
  "type": 0,
  "file": 3,
  "line": 16,
  "col": 14,
  "lit": "false"
}
[2026-06-05 00:54:28Z INFO ActionManifestManagerLegacy] Input 'registry-url': default value evaluate result: ""
[2026-06-05 00:54:28Z INFO ActionManifestManagerLegacy] Input 'scope': default value evaluate result: ""
[2026-06-05 00:54:28Z INFO ActionManifestManagerLegacy] Input 'token': default value evaluate result: {
  "type": 0,
  "file": 3,
  "line": 23,
  "col": 14,
  "lit": "***"
}
[2026-06-05 00:54:28Z INFO ActionManifestManagerLegacy] Input 'cache': default value evaluate result: ""
[2026-06-05 00:54:28Z INFO ActionManifestManagerLegacy] Input 'cache-dependency-path': default value evaluate result: ""
[2026-06-05 00:54:28Z INFO ActionManifestManagerLegacy] Input 'mirror': default value evaluate result: ""
[2026-06-05 00:54:28Z INFO ActionManifestManagerLegacy] Input 'mirror-token': default value evaluate result: ""
[2026-06-05 00:54:28Z INFO ExtensionManager] Getting extensions for interface: 'GitHub.Runner.Worker.IActionCommandExtension'
[2026-06-05 00:54:28Z INFO ActionCommandManager] Register action command extension for command internal-set-repo-path
[2026-06-05 00:54:28Z INFO ActionCommandManager] Register action command extension for command set-env
[2026-06-05 00:54:28Z INFO ActionCommandManager] Register action command extension for command set-output
[2026-06-05 00:54:28Z INFO ActionCommandManager] Register action command extension for command save-state
[2026-06-05 00:54:28Z INFO ActionCommandManager] Register action command extension for command add-path
[2026-06-05 00:54:28Z INFO ActionCommandManager] Register action command extension for command add-mask
[2026-06-05 00:54:28Z INFO ActionCommandManager] Register action command extension for command add-matcher
[2026-06-05 00:54:28Z INFO ActionCommandManager] Register action command extension for command remove-matcher
[2026-06-05 00:54:28Z INFO ActionCommandManager] Register action command extension for command warning
[2026-06-05 00:54:28Z INFO ActionCommandManager] Register action command extension for command error
[2026-06-05 00:54:28Z INFO ActionCommandManager] Register action command extension for command notice
[2026-06-05 00:54:28Z INFO ActionCommandManager] Register action command extension for command debug
[2026-06-05 00:54:28Z INFO ActionCommandManager] Register action command extension for command group
[2026-06-05 00:54:28Z INFO ActionCommandManager] Register action command extension for command endgroup
[2026-06-05 00:54:28Z INFO ActionCommandManager] Register action command extension for command echo
[2026-06-05 00:54:28Z INFO HostContext] Well known directory 'Bin': 'C:\projetos\pgats-ci\bin'
[2026-06-05 00:54:28Z INFO HostContext] Well known directory 'Root': 'C:\projetos\pgats-ci'
[2026-06-05 00:54:28Z INFO HostContext] Well known directory 'Externals': 'C:\projetos\pgats-ci\externals'
[2026-06-05 00:54:28Z INFO ProcessInvokerWrapper] Starting process:
[2026-06-05 00:54:28Z INFO ProcessInvokerWrapper]   File name: 'C:\projetos\pgats-ci\externals\node20\bin\node.exe'
[2026-06-05 00:54:28Z INFO ProcessInvokerWrapper]   Arguments: '"C:\projetos\pgats-ci\_work\_actions\actions\setup-node\v4\dist/setup/index.js"'
[2026-06-05 00:54:28Z INFO ProcessInvokerWrapper]   Working directory: 'C:\projetos\pgats-ci\_work\pgats-ci\pgats-ci'
[2026-06-05 00:54:28Z INFO ProcessInvokerWrapper]   Require exit code zero: 'False'
[2026-06-05 00:54:28Z INFO ProcessInvokerWrapper]   Encoding web name: utf-8 ; code page: '65001'
[2026-06-05 00:54:28Z INFO ProcessInvokerWrapper]   Force kill process on cancellation: 'False'
[2026-06-05 00:54:28Z INFO ProcessInvokerWrapper]   Redirected STDIN: 'False'
[2026-06-05 00:54:28Z INFO ProcessInvokerWrapper]   Persist current code page: 'True'
[2026-06-05 00:54:28Z INFO ProcessInvokerWrapper]   Keep redirected STDIN open: 'False'
[2026-06-05 00:54:28Z INFO ProcessInvokerWrapper]   High priority process: 'False'
[2026-06-05 00:54:28Z INFO ProcessInvokerWrapper] Process started with process id 8844, waiting for process exit.
[2026-06-05 00:54:28Z INFO JobServerQueue] Try to append 1 batches web console lines for record '7526ca95-099c-4ff1-b641-85f3fb200e57', success rate: 1/1.
[2026-06-05 00:54:28Z INFO JobServerQueue] Try to upload 1 log files or attachments, success rate: 1/1.
[2026-06-05 00:54:29Z INFO JobServerQueue] Try to append 1 batches web console lines for record '7526ca95-099c-4ff1-b641-85f3fb200e57', success rate: 1/1.
[2026-06-05 00:54:29Z INFO JobServerQueue] Got a step log file to send to results service.
[2026-06-05 00:54:29Z INFO JobServerQueue] Starting upload of step log file to results service ResultsLog, C:\projetos\pgats-ci\_diag\blocks\f711c2df-6b0a-4803-81d7-792070203945_512413bd-dc6b-477c-9fa3-c2794faea704.1
[2026-06-05 00:54:29Z INFO JobServerQueue] Tried to upload 1 file(s) to results, success rate: 1/1.
[2026-06-05 00:54:30Z INFO ProcessInvokerWrapper] STDOUT/STDERR stream read finished.
[2026-06-05 00:54:30Z INFO ProcessInvokerWrapper] STDOUT/STDERR stream read finished.
[2026-06-05 00:54:30Z INFO ProcessInvokerWrapper] Finished process 8844 with exit code 0, and elapsed time 00:00:01.6869948.
[2026-06-05 00:54:30Z INFO CreateStepSummaryCommand] Step Summary file (C:\projetos\pgats-ci\_work\_temp\_runner_file_commands\step_summary_907a2099-ab71-42bb-aa64-7cff11100c36) is empty; skipping attachment upload
[2026-06-05 00:54:30Z INFO StepsRunner] Step result: 
[2026-06-05 00:54:30Z INFO ExecutionContext] Publish step telemetry for current step {
  "action": "actions/setup-node",
  "ref": "v4",
  "type": "node20",
  "stage": "Main",
  "stepId": "7526ca95-099c-4ff1-b641-85f3fb200e57",
  "stepContextName": "__actions_setup-node",
  "hasPreStep": false,
  "hasPostStep": true,
  "result": "succeeded",
  "errorMessages": [],
  "executionTimeInSeconds": 2,
  "startTime": "2026-06-05T00:54:28.3106604Z",
  "finishTime": "2026-06-05T00:54:30.023229Z"
}.
[2026-06-05 00:54:30Z INFO StepsRunner] No need for updating job result with current step result 'Succeeded'.
[2026-06-05 00:54:30Z INFO StepsRunner] Current state: job state = ''
[2026-06-05 00:54:30Z INFO StepsRunner] Processing step: DisplayName='execucao dos testes'
[2026-06-05 00:54:30Z INFO StepsRunner] Evaluating: success()
[2026-06-05 00:54:30Z INFO StepsRunner] Result: true
[2026-06-05 00:54:30Z INFO StepsRunner] Starting the step.
[2026-06-05 00:54:30Z INFO HostContext] Well known directory 'Bin': 'C:\projetos\pgats-ci\bin'
[2026-06-05 00:54:30Z INFO HostContext] Well known directory 'Root': 'C:\projetos\pgats-ci'
[2026-06-05 00:54:30Z INFO HostContext] Well known directory 'Work': 'C:\projetos\pgats-ci\_work'
[2026-06-05 00:54:30Z INFO StepsRunner] Which2: 'chcp'
[2026-06-05 00:54:30Z INFO StepsRunner] Location: 'C:\WINDOWS\system32\chcp.COM'
[2026-06-05 00:54:30Z INFO ProcessInvokerWrapper] Starting process:
[2026-06-05 00:54:30Z INFO ProcessInvokerWrapper]   File name: 'C:\WINDOWS\system32\chcp.COM'
[2026-06-05 00:54:30Z INFO ProcessInvokerWrapper]   Arguments: '65001'
[2026-06-05 00:54:30Z INFO ProcessInvokerWrapper]   Working directory: 'C:\projetos\pgats-ci\_work'
[2026-06-05 00:54:30Z INFO ProcessInvokerWrapper]   Require exit code zero: 'False'
[2026-06-05 00:54:30Z INFO ProcessInvokerWrapper]   Encoding web name:  ; code page: ''
[2026-06-05 00:54:30Z INFO ProcessInvokerWrapper]   Force kill process on cancellation: 'False'
[2026-06-05 00:54:30Z INFO ProcessInvokerWrapper]   Redirected STDIN: 'False'
[2026-06-05 00:54:30Z INFO ProcessInvokerWrapper]   Persist current code page: 'True'
[2026-06-05 00:54:30Z INFO ProcessInvokerWrapper]   Keep redirected STDIN open: 'False'
[2026-06-05 00:54:30Z INFO ProcessInvokerWrapper]   High priority process: 'False'
[2026-06-05 00:54:30Z INFO ProcessInvokerWrapper] Process started with process id 30776, waiting for process exit.
[2026-06-05 00:54:30Z INFO ProcessInvokerWrapper] STDOUT/STDERR stream read finished.
[2026-06-05 00:54:30Z INFO ProcessInvokerWrapper] STDOUT/STDERR stream read finished.
[2026-06-05 00:54:30Z INFO ProcessInvokerWrapper] Finished process 30776 with exit code 0, and elapsed time 00:00:00.0085998.
[2026-06-05 00:54:30Z INFO StepsRunner] Successfully returned to code page 65001 (UTF8)
[2026-06-05 00:54:30Z INFO HostContext] Well known directory 'Bin': 'C:\projetos\pgats-ci\bin'
[2026-06-05 00:54:30Z INFO HostContext] Well known directory 'Root': 'C:\projetos\pgats-ci'
[2026-06-05 00:54:30Z INFO HostContext] Well known directory 'Work': 'C:\projetos\pgats-ci\_work'
[2026-06-05 00:54:30Z INFO HostContext] Well known directory 'Temp': 'C:\projetos\pgats-ci\_work\_temp'
[2026-06-05 00:54:30Z INFO ExecutionContext] Write event payload to C:\projetos\pgats-ci\_work\_temp\_github_workflow\event.json
[2026-06-05 00:54:30Z INFO HostContext] Well known directory 'Bin': 'C:\projetos\pgats-ci\bin'
[2026-06-05 00:54:30Z INFO HostContext] Well known directory 'Root': 'C:\projetos\pgats-ci'
[2026-06-05 00:54:30Z INFO HostContext] Well known directory 'Work': 'C:\projetos\pgats-ci\_work'
[2026-06-05 00:54:30Z INFO HostContext] Well known directory 'Temp': 'C:\projetos\pgats-ci\_work\_temp'
[2026-06-05 00:54:30Z INFO ExtensionManager] Getting extensions for interface: 'GitHub.Runner.Worker.IFileCommandExtension'
[2026-06-05 00:54:30Z INFO ExtensionManager] Getting extensions for interface: 'GitHub.Runner.Worker.IActionCommandExtension'
[2026-06-05 00:54:30Z INFO ActionCommandManager] Register action command extension for command internal-set-repo-path
[2026-06-05 00:54:30Z INFO ActionCommandManager] Register action command extension for command set-env
[2026-06-05 00:54:30Z INFO ActionCommandManager] Register action command extension for command set-output
[2026-06-05 00:54:30Z INFO ActionCommandManager] Register action command extension for command save-state
[2026-06-05 00:54:30Z INFO ActionCommandManager] Register action command extension for command add-path
[2026-06-05 00:54:30Z INFO ActionCommandManager] Register action command extension for command add-mask
[2026-06-05 00:54:30Z INFO ActionCommandManager] Register action command extension for command add-matcher
[2026-06-05 00:54:30Z INFO ActionCommandManager] Register action command extension for command remove-matcher
[2026-06-05 00:54:30Z INFO ActionCommandManager] Register action command extension for command warning
[2026-06-05 00:54:30Z INFO ActionCommandManager] Register action command extension for command error
[2026-06-05 00:54:30Z INFO ActionCommandManager] Register action command extension for command notice
[2026-06-05 00:54:30Z INFO ActionCommandManager] Register action command extension for command debug
[2026-06-05 00:54:30Z INFO ActionCommandManager] Register action command extension for command group
[2026-06-05 00:54:30Z INFO ActionCommandManager] Register action command extension for command endgroup
[2026-06-05 00:54:30Z INFO ActionCommandManager] Register action command extension for command echo
[2026-06-05 00:54:30Z INFO ScriptHandler] Which2: 'pwsh'
[2026-06-05 00:54:30Z INFO ScriptHandler] pwsh: command not found. Make sure 'pwsh' is installed and its location included in the 'Path' environment variable.
[2026-06-05 00:54:30Z INFO ScriptHandler] Defaulting to powershell
[2026-06-05 00:54:30Z INFO ScriptHandler] Which2: 'powershell'
[2026-06-05 00:54:30Z INFO ScriptHandler] Location: 'C:\WINDOWS\System32\WindowsPowerShell\v1.0\powershell.EXE'
[2026-06-05 00:54:30Z INFO HostContext] Well known directory 'Bin': 'C:\projetos\pgats-ci\bin'
[2026-06-05 00:54:30Z INFO HostContext] Well known directory 'Root': 'C:\projetos\pgats-ci'
[2026-06-05 00:54:30Z INFO HostContext] Well known directory 'Work': 'C:\projetos\pgats-ci\_work'
[2026-06-05 00:54:30Z INFO HostContext] Well known directory 'Temp': 'C:\projetos\pgats-ci\_work\_temp'
[2026-06-05 00:54:30Z INFO ScriptHandler] Which2: 'pwsh'
[2026-06-05 00:54:30Z INFO ScriptHandler] pwsh: command not found. Make sure 'pwsh' is installed and its location included in the 'Path' environment variable.
[2026-06-05 00:54:30Z INFO ScriptHandler] Defaulting to powershell
[2026-06-05 00:54:30Z INFO ScriptHandler] Which2: 'powershell'
[2026-06-05 00:54:30Z INFO ScriptHandler] Location: 'C:\WINDOWS\System32\WindowsPowerShell\v1.0\powershell.EXE'
[2026-06-05 00:54:30Z INFO ProcessInvokerWrapper] Starting process:
[2026-06-05 00:54:30Z INFO ProcessInvokerWrapper]   File name: 'C:\WINDOWS\System32\WindowsPowerShell\v1.0\powershell.EXE'
[2026-06-05 00:54:30Z INFO ProcessInvokerWrapper]   Arguments: '-command ". 'C:\projetos\pgats-ci\_work\_temp\b92c6020-f9c1-4115-aa66-6da5eb160bc5.ps1'"'
[2026-06-05 00:54:30Z INFO ProcessInvokerWrapper]   Working directory: 'C:\projetos\pgats-ci\_work\pgats-ci\pgats-ci'
[2026-06-05 00:54:30Z INFO ProcessInvokerWrapper]   Require exit code zero: 'False'
[2026-06-05 00:54:30Z INFO ProcessInvokerWrapper]   Encoding web name:  ; code page: ''
[2026-06-05 00:54:30Z INFO ProcessInvokerWrapper]   Force kill process on cancellation: 'False'
[2026-06-05 00:54:30Z INFO ProcessInvokerWrapper]   Redirected STDIN: 'False'
[2026-06-05 00:54:30Z INFO ProcessInvokerWrapper]   Persist current code page: 'True'
[2026-06-05 00:54:30Z INFO ProcessInvokerWrapper]   Keep redirected STDIN open: 'False'
[2026-06-05 00:54:30Z INFO ProcessInvokerWrapper]   High priority process: 'False'
[2026-06-05 00:54:30Z INFO ProcessInvokerWrapper] Process started with process id 11780, waiting for process exit.
[2026-06-05 00:54:30Z INFO JobServerQueue] Try to append 1 batches web console lines for record '7526ca95-099c-4ff1-b641-85f3fb200e57', success rate: 1/1.
[2026-06-05 00:54:30Z INFO JobServerQueue] Try to append 1 batches web console lines for record '5f38c228-641f-49f9-9605-fe4099ca6a5c', success rate: 1/1.
[2026-06-05 00:54:30Z INFO ProcessInvokerWrapper] STDOUT/STDERR stream read finished.
[2026-06-05 00:54:30Z INFO ProcessInvokerWrapper] STDOUT/STDERR stream read finished.
[2026-06-05 00:54:30Z INFO ProcessInvokerWrapper] Finished process 11780 with exit code 1, and elapsed time 00:00:00.4392264.
[2026-06-05 00:54:30Z INFO CreateStepSummaryCommand] Step Summary file (C:\projetos\pgats-ci\_work\_temp\_runner_file_commands\step_summary_071dab22-a8d4-4744-9e0e-9e3fbca0a297) is empty; skipping attachment upload
[2026-06-05 00:54:30Z INFO StepsRunner] Step result: Failed
[2026-06-05 00:54:30Z INFO ExecutionContext] Publish step telemetry for current step {
  "action": "powershell",
  "type": "run",
  "stage": "Main",
  "stepId": "5f38c228-641f-49f9-9605-fe4099ca6a5c",
  "stepContextName": "__run",
  "result": "failed",
  "errorMessages": [
    "Process completed with exit code 1."
  ],
  "executionTimeInSeconds": 1,
  "startTime": "2026-06-05T00:54:30.0239753Z",
  "finishTime": "2026-06-05T00:54:30.5005608Z"
}.
[2026-06-05 00:54:30Z INFO StepsRunner] Update job result with current step result 'Failed'.
[2026-06-05 00:54:30Z INFO StepsRunner] Current state: job state = 'Failed'
[2026-06-05 00:54:30Z INFO StepsRunner] Processing step: DisplayName='Post Run actions/setup-node@v4'
[2026-06-05 00:54:30Z INFO StepsRunner] Evaluating: success()
[2026-06-05 00:54:30Z INFO StepsRunner] Result: false
[2026-06-05 00:54:30Z INFO StepsRunner] Skipping step due to condition evaluation.
[2026-06-05 00:54:30Z INFO StepsRunner] No need for updating job result with current step result 'Skipped'.
[2026-06-05 00:54:30Z INFO StepsRunner] Current state: job state = 'Failed'
[2026-06-05 00:54:30Z INFO StepsRunner] Processing step: DisplayName='Post Run actions/checkout@v4'
[2026-06-05 00:54:30Z INFO StepsRunner] Evaluating: always()
[2026-06-05 00:54:30Z INFO StepsRunner] Result: true
[2026-06-05 00:54:30Z INFO StepsRunner] Starting the step.
[2026-06-05 00:54:30Z INFO HostContext] Well known directory 'Bin': 'C:\projetos\pgats-ci\bin'
[2026-06-05 00:54:30Z INFO HostContext] Well known directory 'Root': 'C:\projetos\pgats-ci'
[2026-06-05 00:54:30Z INFO HostContext] Well known directory 'Work': 'C:\projetos\pgats-ci\_work'
[2026-06-05 00:54:30Z INFO StepsRunner] Which2: 'chcp'
[2026-06-05 00:54:30Z INFO StepsRunner] Location: 'C:\WINDOWS\system32\chcp.COM'
[2026-06-05 00:54:30Z INFO ProcessInvokerWrapper] Starting process:
[2026-06-05 00:54:30Z INFO ProcessInvokerWrapper]   File name: 'C:\WINDOWS\system32\chcp.COM'
[2026-06-05 00:54:30Z INFO ProcessInvokerWrapper]   Arguments: '65001'
[2026-06-05 00:54:30Z INFO ProcessInvokerWrapper]   Working directory: 'C:\projetos\pgats-ci\_work'
[2026-06-05 00:54:30Z INFO ProcessInvokerWrapper]   Require exit code zero: 'False'
[2026-06-05 00:54:30Z INFO ProcessInvokerWrapper]   Encoding web name:  ; code page: ''
[2026-06-05 00:54:30Z INFO ProcessInvokerWrapper]   Force kill process on cancellation: 'False'
[2026-06-05 00:54:30Z INFO ProcessInvokerWrapper]   Redirected STDIN: 'False'
[2026-06-05 00:54:30Z INFO ProcessInvokerWrapper]   Persist current code page: 'True'
[2026-06-05 00:54:30Z INFO ProcessInvokerWrapper]   Keep redirected STDIN open: 'False'
[2026-06-05 00:54:30Z INFO ProcessInvokerWrapper]   High priority process: 'False'
[2026-06-05 00:54:30Z INFO ProcessInvokerWrapper] Process started with process id 18940, waiting for process exit.
[2026-06-05 00:54:30Z INFO ProcessInvokerWrapper] STDOUT/STDERR stream read finished.
[2026-06-05 00:54:30Z INFO ProcessInvokerWrapper] STDOUT/STDERR stream read finished.
[2026-06-05 00:54:30Z INFO ProcessInvokerWrapper] Finished process 18940 with exit code 0, and elapsed time 00:00:00.0094304.
[2026-06-05 00:54:30Z INFO StepsRunner] Successfully returned to code page 65001 (UTF8)
[2026-06-05 00:54:30Z INFO HostContext] Well known directory 'Bin': 'C:\projetos\pgats-ci\bin'
[2026-06-05 00:54:30Z INFO HostContext] Well known directory 'Root': 'C:\projetos\pgats-ci'
[2026-06-05 00:54:30Z INFO HostContext] Well known directory 'Work': 'C:\projetos\pgats-ci\_work'
[2026-06-05 00:54:30Z INFO HostContext] Well known directory 'Actions': 'C:\projetos\pgats-ci\_work\_actions'
[2026-06-05 00:54:30Z INFO ActionManager] Load action that reference repository from 'C:\projetos\pgats-ci\_work\_actions\actions\checkout\v4'
[2026-06-05 00:54:30Z INFO HostContext] Well known directory 'Bin': 'C:\projetos\pgats-ci\bin'
[2026-06-05 00:54:30Z INFO HostContext] Well known directory 'Root': 'C:\projetos\pgats-ci'
[2026-06-05 00:54:30Z INFO HostContext] Well known directory 'Work': 'C:\projetos\pgats-ci\_work'
[2026-06-05 00:54:30Z INFO HostContext] Well known directory 'Actions': 'C:\projetos\pgats-ci\_work\_actions'
[2026-06-05 00:54:30Z INFO ActionManifestManagerLegacy] Loaded action.yml file: {
  "name": "Checkout",
  "description": "Checkout a Git repository at a particular version",
  "inputs": {
    "type": 2,
    "map": [
      {
        "key": {
          "type": 0,
          "file": 2,
          "line": 4,
          "col": 3,
          "lit": "repository"
        },
        "value": {
          "type": 3,
          "file": 2,
          "line": 6,
          "col": 14,
          "expr": "github.repository"
        }
      },
      {
        "key": {
          "type": 0,
          "file": 2,
          "line": 7,
          "col": 3,
          "lit": "ref"
        },
        "value": ""
      },
      {
        "key": {
          "type": 0,
          "file": 2,
          "line": 12,
          "col": 3,
          "lit": "token"
        },
        "value": {
          "type": 3,
          "file": 2,
          "line": 24,
          "col": 14,
          "expr": "github.token"
        }
      },
      {
        "key": {
          "type": 0,
          "file": 2,
          "line": 25,
          "col": 3,
          "lit": "ssh-key"
        },
        "value": ""
      },
      {
        "key": {
          "type": 0,
          "file": 2,
          "line": 37,
          "col": 3,
          "lit": "ssh-known-hosts"
        },
        "value": ""
      },
      {
        "key": {
          "type": 0,
          "file": 2,
          "line": 42,
          "col": 3,
          "lit": "ssh-strict"
        },
        "value": {
          "type": 0,
          "file": 2,
          "line": 47,
          "col": 14,
          "lit": "true"
        }
      },
      {
        "key": {
          "type": 0,
          "file": 2,
          "line": 48,
          "col": 3,
          "lit": "ssh-user"
        },
        "value": {
          "type": 0,
          "file": 2,
          "line": 51,
          "col": 14,
          "lit": "git"
        }
      },
      {
        "key": {
          "type": 0,
          "file": 2,
          "line": 52,
          "col": 3,
          "lit": "persist-credentials"
        },
        "value": {
          "type": 0,
          "file": 2,
          "line": 54,
          "col": 14,
          "lit": "true"
        }
      },
      {
        "key": {
          "type": 0,
          "file": 2,
          "line": 55,
          "col": 3,
          "lit": "path"
        },
        "value": ""
      },
      {
        "key": {
          "type": 0,
          "file": 2,
          "line": 57,
          "col": 3,
          "lit": "clean"
        },
        "value": {
          "type": 0,
          "file": 2,
          "line": 59,
          "col": 14,
          "lit": "true"
        }
      },
      {
        "key": {
          "type": 0,
          "file": 2,
          "line": 60,
          "col": 3,
          "lit": "filter"
        },
        "value": {
          "type": 0,
          "file": 2,
          "line": 64,
          "col": 14,
          "lit": ""
        }
      },
      {
        "key": {
          "type": 0,
          "file": 2,
          "line": 65,
          "col": 3,
          "lit": "sparse-checkout"
        },
        "value": {
          "type": 0,
          "file": 2,
          "line": 69,
          "col": 14,
          "lit": ""
        }
      },
      {
        "key": {
          "type": 0,
          "file": 2,
          "line": 70,
          "col": 3,
          "lit": "sparse-checkout-cone-mode"
        },
        "value": {
          "type": 0,
          "file": 2,
          "line": 73,
          "col": 14,
          "lit": "true"
        }
      },
      {
        "key": {
          "type": 0,
          "file": 2,
          "line": 74,
          "col": 3,
          "lit": "fetch-depth"
        },
        "value": {
          "type": 0,
          "file": 2,
          "line": 76,
          "col": 14,
          "lit": "1"
        }
      },
      {
        "key": {
          "type": 0,
          "file": 2,
          "line": 77,
          "col": 3,
          "lit": "fetch-tags"
        },
        "value": {
          "type": 0,
          "file": 2,
          "line": 79,
          "col": 14,
          "lit": "false"
        }
      },
      {
        "key": {
          "type": 0,
          "file": 2,
          "line": 80,
          "col": 3,
          "lit": "show-progress"
        },
        "value": {
          "type": 0,
          "file": 2,
          "line": 82,
          "col": 14,
          "lit": "true"
        }
      },
      {
        "key": {
          "type": 0,
          "file": 2,
          "line": 83,
          "col": 3,
          "lit": "lfs"
        },
        "value": {
          "type": 0,
          "file": 2,
          "line": 85,
          "col": 14,
          "lit": "false"
        }
      },
      {
        "key": {
          "type": 0,
          "file": 2,
          "line": 86,
          "col": 3,
          "lit": "submodules"
        },
        "value": {
          "type": 0,
          "file": 2,
          "line": 94,
          "col": 14,
          "lit": "false"
        }
      },
      {
        "key": {
          "type": 0,
          "file": 2,
          "line": 95,
          "col": 3,
          "lit": "set-safe-directory"
        },
        "value": {
          "type": 0,
          "file": 2,
          "line": 97,
          "col": 14,
          "lit": "true"
        }
      },
      {
        "key": {
          "type": 0,
          "file": 2,
          "line": 98,
          "col": 3,
          "lit": "github-server-url"
        },
        "value": ""
      }
    ]
  },
  "execution": {
    "executionType": "nodeJS",
    "hasPre": false,
    "hasPost": true,
    "script": "dist/index.js",
    "pre": null,
    "post": "dist/index.js",
    "nodeVersion": "node20",
    "cleanupCondition": "always()",
    "initCondition": "always()"
  },
  "deprecated": null
}
[2026-06-05 00:54:30Z INFO ActionManager] Action pre node.js file: N/A.
[2026-06-05 00:54:30Z INFO ActionManager] Action node.js file: dist/index.js.
[2026-06-05 00:54:30Z INFO ActionManager] Action post node.js file: dist/index.js.
[2026-06-05 00:54:30Z INFO HostContext] Well known directory 'Bin': 'C:\projetos\pgats-ci\bin'
[2026-06-05 00:54:30Z INFO HostContext] Well known directory 'Root': 'C:\projetos\pgats-ci'
[2026-06-05 00:54:30Z INFO HostContext] Well known directory 'Work': 'C:\projetos\pgats-ci\_work'
[2026-06-05 00:54:30Z INFO HostContext] Well known directory 'Temp': 'C:\projetos\pgats-ci\_work\_temp'
[2026-06-05 00:54:30Z INFO ExecutionContext] Write event payload to C:\projetos\pgats-ci\_work\_temp\_github_workflow\event.json
[2026-06-05 00:54:30Z INFO HostContext] Well known directory 'Bin': 'C:\projetos\pgats-ci\bin'
[2026-06-05 00:54:30Z INFO HostContext] Well known directory 'Root': 'C:\projetos\pgats-ci'
[2026-06-05 00:54:30Z INFO HostContext] Well known directory 'Work': 'C:\projetos\pgats-ci\_work'
[2026-06-05 00:54:30Z INFO HostContext] Well known directory 'Temp': 'C:\projetos\pgats-ci\_work\_temp'
[2026-06-05 00:54:30Z INFO ExtensionManager] Getting extensions for interface: 'GitHub.Runner.Worker.IFileCommandExtension'
[2026-06-05 00:54:30Z INFO ActionManifestManagerLegacy] Input 'repository': default value evaluate result: {
  "type": 0,
  "file": 2,
  "line": 6,
  "col": 14,
  "lit": "vvareira/pgats-ci"
}
[2026-06-05 00:54:30Z INFO ActionManifestManagerLegacy] Input 'ref': default value evaluate result: ""
[2026-06-05 00:54:30Z INFO ActionManifestManagerLegacy] Input 'token': default value evaluate result: {
  "type": 0,
  "file": 2,
  "line": 24,
  "col": 14,
  "lit": "***"
}
[2026-06-05 00:54:30Z INFO ActionManifestManagerLegacy] Input 'ssh-key': default value evaluate result: ""
[2026-06-05 00:54:30Z INFO ActionManifestManagerLegacy] Input 'ssh-known-hosts': default value evaluate result: ""
[2026-06-05 00:54:30Z INFO ActionManifestManagerLegacy] Input 'ssh-strict': default value evaluate result: {
  "type": 0,
  "file": 2,
  "line": 47,
  "col": 14,
  "lit": "true"
}
[2026-06-05 00:54:30Z INFO ActionManifestManagerLegacy] Input 'ssh-user': default value evaluate result: {
  "type": 0,
  "file": 2,
  "line": 51,
  "col": 14,
  "lit": "git"
}
[2026-06-05 00:54:30Z INFO ActionManifestManagerLegacy] Input 'persist-credentials': default value evaluate result: {
  "type": 0,
  "file": 2,
  "line": 54,
  "col": 14,
  "lit": "true"
}
[2026-06-05 00:54:30Z INFO ActionManifestManagerLegacy] Input 'path': default value evaluate result: ""
[2026-06-05 00:54:30Z INFO ActionManifestManagerLegacy] Input 'clean': default value evaluate result: {
  "type": 0,
  "file": 2,
  "line": 59,
  "col": 14,
  "lit": "true"
}
[2026-06-05 00:54:30Z INFO ActionManifestManagerLegacy] Input 'filter': default value evaluate result: {
  "type": 0,
  "file": 2,
  "line": 64,
  "col": 14,
  "lit": ""
}
[2026-06-05 00:54:30Z INFO ActionManifestManagerLegacy] Input 'sparse-checkout': default value evaluate result: {
  "type": 0,
  "file": 2,
  "line": 69,
  "col": 14,
  "lit": ""
}
[2026-06-05 00:54:30Z INFO ActionManifestManagerLegacy] Input 'sparse-checkout-cone-mode': default value evaluate result: {
  "type": 0,
  "file": 2,
  "line": 73,
  "col": 14,
  "lit": "true"
}
[2026-06-05 00:54:30Z INFO ActionManifestManagerLegacy] Input 'fetch-depth': default value evaluate result: {
  "type": 0,
  "file": 2,
  "line": 76,
  "col": 14,
  "lit": "1"
}
[2026-06-05 00:54:30Z INFO ActionManifestManagerLegacy] Input 'fetch-tags': default value evaluate result: {
  "type": 0,
  "file": 2,
  "line": 79,
  "col": 14,
  "lit": "false"
}
[2026-06-05 00:54:30Z INFO ActionManifestManagerLegacy] Input 'show-progress': default value evaluate result: {
  "type": 0,
  "file": 2,
  "line": 82,
  "col": 14,
  "lit": "true"
}
[2026-06-05 00:54:30Z INFO ActionManifestManagerLegacy] Input 'lfs': default value evaluate result: {
  "type": 0,
  "file": 2,
  "line": 85,
  "col": 14,
  "lit": "false"
}
[2026-06-05 00:54:30Z INFO ActionManifestManagerLegacy] Input 'submodules': default value evaluate result: {
  "type": 0,
  "file": 2,
  "line": 94,
  "col": 14,
  "lit": "false"
}
[2026-06-05 00:54:30Z INFO ActionManifestManagerLegacy] Input 'set-safe-directory': default value evaluate result: {
  "type": 0,
  "file": 2,
  "line": 97,
  "col": 14,
  "lit": "true"
}
[2026-06-05 00:54:30Z INFO ActionManifestManagerLegacy] Input 'github-server-url': default value evaluate result: ""
[2026-06-05 00:54:30Z INFO ExtensionManager] Getting extensions for interface: 'GitHub.Runner.Worker.IActionCommandExtension'
[2026-06-05 00:54:30Z INFO ActionCommandManager] Register action command extension for command internal-set-repo-path
[2026-06-05 00:54:30Z INFO ActionCommandManager] Register action command extension for command set-env
[2026-06-05 00:54:30Z INFO ActionCommandManager] Register action command extension for command set-output
[2026-06-05 00:54:30Z INFO ActionCommandManager] Register action command extension for command save-state
[2026-06-05 00:54:30Z INFO ActionCommandManager] Register action command extension for command add-path
[2026-06-05 00:54:30Z INFO ActionCommandManager] Register action command extension for command add-mask
[2026-06-05 00:54:30Z INFO ActionCommandManager] Register action command extension for command add-matcher
[2026-06-05 00:54:30Z INFO ActionCommandManager] Register action command extension for command remove-matcher
[2026-06-05 00:54:30Z INFO ActionCommandManager] Register action command extension for command warning
[2026-06-05 00:54:30Z INFO ActionCommandManager] Register action command extension for command error
[2026-06-05 00:54:30Z INFO ActionCommandManager] Register action command extension for command notice
[2026-06-05 00:54:30Z INFO ActionCommandManager] Register action command extension for command debug
[2026-06-05 00:54:30Z INFO ActionCommandManager] Register action command extension for command group
[2026-06-05 00:54:30Z INFO ActionCommandManager] Register action command extension for command endgroup
[2026-06-05 00:54:30Z INFO ActionCommandManager] Register action command extension for command echo
[2026-06-05 00:54:30Z INFO HostContext] Well known directory 'Bin': 'C:\projetos\pgats-ci\bin'
[2026-06-05 00:54:30Z INFO HostContext] Well known directory 'Root': 'C:\projetos\pgats-ci'
[2026-06-05 00:54:30Z INFO HostContext] Well known directory 'Externals': 'C:\projetos\pgats-ci\externals'
[2026-06-05 00:54:30Z INFO ProcessInvokerWrapper] Starting process:
[2026-06-05 00:54:30Z INFO ProcessInvokerWrapper]   File name: 'C:\projetos\pgats-ci\externals\node20\bin\node.exe'
[2026-06-05 00:54:30Z INFO ProcessInvokerWrapper]   Arguments: '"C:\projetos\pgats-ci\_work\_actions\actions\checkout\v4\dist/index.js"'
[2026-06-05 00:54:30Z INFO ProcessInvokerWrapper]   Working directory: 'C:\projetos\pgats-ci\_work\pgats-ci\pgats-ci'
[2026-06-05 00:54:30Z INFO ProcessInvokerWrapper]   Require exit code zero: 'False'
[2026-06-05 00:54:30Z INFO ProcessInvokerWrapper]   Encoding web name: utf-8 ; code page: '65001'
[2026-06-05 00:54:30Z INFO ProcessInvokerWrapper]   Force kill process on cancellation: 'False'
[2026-06-05 00:54:30Z INFO ProcessInvokerWrapper]   Redirected STDIN: 'False'
[2026-06-05 00:54:30Z INFO ProcessInvokerWrapper]   Persist current code page: 'True'
[2026-06-05 00:54:30Z INFO ProcessInvokerWrapper]   Keep redirected STDIN open: 'False'
[2026-06-05 00:54:30Z INFO ProcessInvokerWrapper]   High priority process: 'False'
[2026-06-05 00:54:30Z INFO ProcessInvokerWrapper] Process started with process id 10312, waiting for process exit.
[2026-06-05 00:54:30Z INFO JobServerQueue] Try to append 1 batches web console lines for record '5f38c228-641f-49f9-9605-fe4099ca6a5c', success rate: 1/1.
[2026-06-05 00:54:30Z INFO JobServerQueue] Try to append 1 batches web console lines for record '1ed144d5-f968-4cf1-b5ad-4ccb9fdd8bcf', success rate: 1/1.
[2026-06-05 00:54:30Z INFO AddMaskCommandExtension] Add new secret mask with length of 32
[2026-06-05 00:54:30Z INFO JobServerQueue] Try to upload 2 log files or attachments, success rate: 2/2.
[2026-06-05 00:54:30Z INFO JobServerQueue] Got a step log file to send to results service.
[2026-06-05 00:54:30Z INFO JobServerQueue] Starting upload of step log file to results service ResultsLog, C:\projetos\pgats-ci\_diag\blocks\f711c2df-6b0a-4803-81d7-792070203945_7526ca95-099c-4ff1-b641-85f3fb200e57.1
[2026-06-05 00:54:30Z INFO JobServerQueue] Try to append 1 batches web console lines for record '1ed144d5-f968-4cf1-b5ad-4ccb9fdd8bcf', success rate: 1/1.
[2026-06-05 00:54:31Z INFO JobServerQueue] Got a step log file to send to results service.
[2026-06-05 00:54:31Z INFO JobServerQueue] Starting upload of step log file to results service ResultsLog, C:\projetos\pgats-ci\_diag\blocks\f711c2df-6b0a-4803-81d7-792070203945_5f38c228-641f-49f9-9605-fe4099ca6a5c.1
[2026-06-05 00:54:31Z INFO JobServerQueue] Try to append 1 batches web console lines for record '1ed144d5-f968-4cf1-b5ad-4ccb9fdd8bcf', success rate: 1/1.
[2026-06-05 00:54:32Z INFO HostContext] Well known directory 'Bin': 'C:\projetos\pgats-ci\bin'
[2026-06-05 00:54:32Z INFO HostContext] Well known directory 'Root': 'C:\projetos\pgats-ci'
[2026-06-05 00:54:32Z INFO HostContext] Well known directory 'Work': 'C:\projetos\pgats-ci\_work'
[2026-06-05 00:54:32Z INFO JobServerQueue] Tried to upload 2 file(s) to results, success rate: 2/2.
[2026-06-05 00:54:32Z INFO JobServerQueue] Try to append 1 batches web console lines for record '1ed144d5-f968-4cf1-b5ad-4ccb9fdd8bcf', success rate: 1/1.
[2026-06-05 00:54:33Z INFO JobServerQueue] Try to append 1 batches web console lines for record '1ed144d5-f968-4cf1-b5ad-4ccb9fdd8bcf', success rate: 1/1.
[2026-06-05 00:54:37Z INFO ProcessInvokerWrapper] STDOUT/STDERR stream read finished.
[2026-06-05 00:54:37Z INFO ProcessInvokerWrapper] STDOUT/STDERR stream read finished.
[2026-06-05 00:54:37Z INFO ProcessInvokerWrapper] Finished process 10312 with exit code 0, and elapsed time 00:00:06.6300424.
[2026-06-05 00:54:37Z INFO CreateStepSummaryCommand] Step Summary file (C:\projetos\pgats-ci\_work\_temp\_runner_file_commands\step_summary_164407bd-8f88-457a-af36-7d1290e3c6cc) is empty; skipping attachment upload
[2026-06-05 00:54:37Z INFO StepsRunner] Step result: 
[2026-06-05 00:54:37Z INFO ExecutionContext] Publish step telemetry for current step {
  "action": "actions/checkout",
  "ref": "v4",
  "type": "node20",
  "stage": "Post",
  "stepId": "1ed144d5-f968-4cf1-b5ad-4ccb9fdd8bcf",
  "result": "succeeded",
  "errorMessages": [],
  "executionTimeInSeconds": 7,
  "startTime": "2026-06-05T00:54:30.5029634Z",
  "finishTime": "2026-06-05T00:54:37.1567194Z"
}.
[2026-06-05 00:54:37Z INFO StepsRunner] No need for updating job result with current step result 'Succeeded'.
[2026-06-05 00:54:37Z INFO StepsRunner] Current state: job state = 'Failed'
[2026-06-05 00:54:37Z INFO JobRunner] Finalize job.
[2026-06-05 00:54:37Z INFO HostContext] Well known directory 'Bin': 'C:\projetos\pgats-ci\bin'
[2026-06-05 00:54:37Z INFO HostContext] Well known directory 'Root': 'C:\projetos\pgats-ci'
[2026-06-05 00:54:37Z INFO HostContext] Well known directory 'Diag': 'C:\projetos\pgats-ci\_diag'
[2026-06-05 00:54:37Z INFO HostContext] Well known directory 'Bin': 'C:\projetos\pgats-ci\bin'
[2026-06-05 00:54:37Z INFO HostContext] Well known directory 'Root': 'C:\projetos\pgats-ci'
[2026-06-05 00:54:37Z INFO HostContext] Well known directory 'Diag': 'C:\projetos\pgats-ci\_diag'
[2026-06-05 00:54:37Z INFO JobExtension] Initialize Env context
[2026-06-05 00:54:37Z INFO JobExtension] Initialize steps context
[2026-06-05 00:54:37Z INFO JobExtension] Total accessible running process: 290.
[2026-06-05 00:54:37Z INFO JobExtension] Wait for all connectivity checks to finish.
[2026-06-05 00:54:37Z INFO JobExtension] Connectivity check result: GitHub.Runner.Worker.JobExtension+CheckResult
[2026-06-05 00:54:37Z INFO JobExtension] Connectivity check result: GitHub.Runner.Worker.JobExtension+CheckResult
[2026-06-05 00:54:37Z INFO JobExtension] Connectivity check result: GitHub.Runner.Worker.JobExtension+CheckResult
[2026-06-05 00:54:37Z INFO ExecutionContext] Publish step telemetry for current step {
  "action": "complete_job",
  "type": "runner",
  "stage": "Post",
  "stepId": "37ae9077-2f82-45e7-87f1-e300eaf49f2b",
  "result": "succeeded",
  "errorMessages": [
    "Node.js 20 actions are deprecated. The following actions are running on Node.js 20 and may not work as expected: actions/checkout@v4, actions/setup-node@v4. Actions will be forced to run with Node.js 24 by default starting June 16th, 2026. Node.js 20 will "
  ],
  "executionTimeInSeconds": 1,
  "startTime": "2026-06-05T00:54:37.1664111Z",
  "finishTime": "2026-06-05T00:54:37.1773072Z"
}.
[2026-06-05 00:54:37Z INFO JobRunner] Job result after all job steps finish: Failed
[2026-06-05 00:54:37Z INFO JobRunner] Completing the job execution context.
[2026-06-05 00:54:37Z INFO JobRunner] Shutting down the job server queue.
[2026-06-05 00:54:37Z INFO JobServerQueue] Fire signal to shutdown all queues.
[2026-06-05 00:54:37Z INFO JobServerQueue] All queue process task stopped.
[2026-06-05 00:54:37Z INFO JobServerQueue] Try to append 1 batches web console lines for record '37ae9077-2f82-45e7-87f1-e300eaf49f2b', success rate: 1/1.
[2026-06-05 00:54:37Z INFO JobServerQueue] Web console line queue drained.
[2026-06-05 00:54:37Z INFO JobServerQueue] Uploading 3 files in one shot.
[2026-06-05 00:54:37Z INFO JobServerQueue] Try to upload 3 log files or attachments, success rate: 3/3.
[2026-06-05 00:54:37Z INFO JobServerQueue] File upload queue drained.
[2026-06-05 00:54:37Z INFO JobServerQueue] Starting results-based upload queue...
[2026-06-05 00:54:37Z INFO JobServerQueue] Uploading 3 file(s) in one shot through results service.
[2026-06-05 00:54:37Z INFO JobServerQueue] Got a step log file to send to results service.
[2026-06-05 00:54:37Z INFO JobServerQueue] Starting upload of step log file to results service ResultsLog, C:\projetos\pgats-ci\_diag\blocks\f711c2df-6b0a-4803-81d7-792070203945_1ed144d5-f968-4cf1-b5ad-4ccb9fdd8bcf.1
[2026-06-05 00:54:38Z INFO JobServerQueue] Got a step log file to send to results service.
[2026-06-05 00:54:38Z INFO JobServerQueue] Starting upload of step log file to results service ResultsLog, C:\projetos\pgats-ci\_diag\blocks\f711c2df-6b0a-4803-81d7-792070203945_37ae9077-2f82-45e7-87f1-e300eaf49f2b.1
[2026-06-05 00:54:39Z INFO JobServerQueue] Got a job log file to send to results service.
[2026-06-05 00:54:39Z INFO JobServerQueue] Starting upload of job log file to results service ResultsLog, C:\projetos\pgats-ci\_diag\blocks\f711c2df-6b0a-4803-81d7-792070203945_ad1db5a4-fc31-554f-b23e-b0404667caef.1
[2026-06-05 00:54:39Z INFO JobServerQueue] Tried to upload 3 file(s) to results, success rate: 3/3.
[2026-06-05 00:54:39Z INFO JobServerQueue] Results upload queue drained.
[2026-06-05 00:54:39Z INFO JobServerQueue] Timeline update queue drained.
[2026-06-05 00:54:39Z INFO JobServerQueue] Disposing job server ...
[2026-06-05 00:54:39Z INFO JobServerQueue] Disposing results server ...
[2026-06-05 00:54:39Z INFO JobServerQueue] All queue process tasks have been stopped, and all queues are drained.
[2026-06-05 00:54:39Z INFO TempDirectoryManager] Cleaning runner temp folder: C:\projetos\pgats-ci\_work\_temp
[2026-06-05 00:54:39Z INFO HostContext] Well known directory 'Bin': 'C:\projetos\pgats-ci\bin'
[2026-06-05 00:54:39Z INFO HostContext] Well known directory 'Root': 'C:\projetos\pgats-ci'
[2026-06-05 00:54:39Z INFO HostContext] Well known directory 'Diag': 'C:\projetos\pgats-ci\_diag'
[2026-06-05 00:54:39Z INFO HostContext] Well known config file 'Telemetry': 'C:\projetos\pgats-ci\_diag\.telemetry'
[2026-06-05 00:54:39Z INFO JobRunner] Raising job completed against run service
[2026-06-05 00:54:40Z INFO Worker] Job completed.
